"id","account_name","domain","company_category","sub_segment","priority","vertical_owner","excluded","exclusion_reason","scope_tier","needs_manual_scope_confirmation","signal_source","signal_detail","signal_url","signal_date","assigned_user_id","created_at","updated_at"
"7c9cc657-2285-4749-98a0-16967c69cf99","Stryten Energy","stryten.com","Cat4","4B","P1","Aldahir","false","","tier_3","true","capacity_expansion","Announced plan to add 10 GW of new US energy storage manufacturing capacity (part of a 24 GW total target) across 11 US plants; explicitly serves data center applications among others","https://www.businesswire.com/news/home/20250331252002/en/Stryten-Energy-Unveils-Plan-to-Add-10-Gigawatts-of-New-U.S.-Energy-Storage-Manufacturing-Capacity","2025-03-31","7ad58986-786e-45f2-a4ad-a1dd18daf329","2026-08-24T18:54:30.980438+00:00","2026-08-31T03:58:20.317+00:00"
"10dd46dd-7d5d-4abd-8866-11bd8b1c25a0","Moment Energy","momentenergy.com","Cat4","4C","P1","Aldahir","false","","tier_2","true","capacity_expansion","Opened 'Megafactory 1' in Vancouver BC -- described as the world's largest second-life EV battery repurposing factory, built in six weeks; ribbon-cutting 2026-06-23, creating 100+ skilled jobs over 5 years","https://electrek.co/2026/07/02/worlds-largest-second-life-ev-battery-factory-opens-in-just-six-weeks/","2026-06-23","7ad58986-786e-45f2-a4ad-a1dd18daf329","2026-08-24T18:54:30.980438+00:00","2026-08-31T03:58:20.319+00:00"
"92128d00-c1a6-41f6-ba5d-976bb0ac405a","Eos Energy Enterprises","eose.com","Cat4","4B","P1","Aldahir","false","","tier_2","true","capacity_expansion","Installed a new zinc-battery production line at its Thorn Hill, PA facility, targeting 4 GWh/year annual production capacity by end of 2026","https://www.ess-news.com/2026/06/16/eos-energy-expands-us-manufacturing-capacity-with-new-zinc-flow-battery-line/","2026-06-16","7ad58986-786e-45f2-a4ad-a1dd18daf329","2026-08-24T18:54:30.980438+00:00","2026-09-01T17:43:57.823+00:00"
"24725776-0e5e-47cd-b111-ddb193898f8b","Enercon Engineering","enerconpower.com","Cat4","4B","P1","Aldahir","true","ICP disqualified: confirmed 100% in-house/vertically integrated fabrication (own sheet-metal shop, East Peoria IL) -- company's own site explicitly states they do not outsource steel/enclosure fabrication, verified 2026-07-20","disqualified_inhouse","false","capacity_expansion","Generac signed a definitive agreement (2026-02-19, closed ~April 2026) to acquire Enercon Engineering (East Peoria IL switchgear/generator-enclosure manufacturer), explicitly framed as accelerating growth in Data Center and Switchgear markets -- an M&A-driven capacity signal, not organic expansion","https://www.prnewswire.com/news-releases/generac-signs-agreement-to-acquire-enercon-accelerating-growth-in-data-center-and-switchgear-markets-302692333.html","2026-02-19","7ad58986-786e-45f2-a4ad-a1dd18daf329","2026-08-24T18:54:30.980438+00:00","2026-08-31T03:58:20.318+00:00"
"24327b46-a145-4665-9f16-cfb3b7e04d74","MGM Transformers / VanTran","mgmtransformers.com","Cat4","4B","P1","Aldahir","false","","tier_2","true","capacity_expansion","MGM Transformers and partner VanTran Transformers held grand opening of a new 430,000 sq ft transformer manufacturing facility in Waco, TX, built to scale US transformer production for data centers, EV infrastructure, renewables and utilities","https://www.prnewswire.com/news-releases/vantran-and-mgm-transformers-strengthen-us-energy-supply-chain-with-texas-expansion-302436735.html","2025-04-24","7ad58986-786e-45f2-a4ad-a1dd18daf329","2026-08-24T18:54:30.980438+00:00","2026-08-31T03:58:20.318+00:00"
"a86c27b2-6721-4b15-935f-7286ea64ed77","AB Energy USA","gruppoab.com","Cat4","4B","P1","Aldahir","false","","tier_1","true","capacity_expansion","AB Energy USA (Gruppo AB) opened a new North American headquarters reinforcing its US power-generation manufacturing/distribution presence; also recently supplied 250MW of Ecomax 33 gas-engine generation units (via customer Conduit Power) for Texas/Wyoming data center deployments","https://www.businesswire.com/news/home/20260311503223/en/AB-Energy-USA-Opens-New-North-American-Headquarters-Reinforcing-Power-Generation-Leadership-in-the-US","2026-03-11","7ad58986-786e-45f2-a4ad-a1dd18daf329","2026-08-24T18:54:30.980438+00:00","2026-08-31T03:58:20.318+00:00"
"63293c52-78d1-4de0-b8c9-6f92874b910b","Switchgear Power Systems (SPS)","switchgearpower.com","Cat4","4B","P1","Aldahir","false","","tier_1","true","capacity_expansion","Switchgear Power Systems (Winneconne, WI, founded 2007) has grown from 50 employees (2012) to 300+ today; leadership explicitly cites 'high demand of data centers' alongside alternative energy and grid upgrades as growth drivers, and announced a 2025 partnership with UW-Oshkosh's Electrical Engineering Tech program to build a local talent pipeline to sustain that growth.","https://www.uwosh.edu/today/127339/energized-industry-leader-gears-up-with-uw-oshkosh-electrical-engineering-tech-program/","2025","7ad58986-786e-45f2-a4ad-a1dd18daf329","2026-08-24T18:54:30.980438+00:00","2026-08-31T03:58:20.318+00:00"
"b89720ab-05ed-4290-ac86-d8615de23e56","Cleveland-Cliffs (Weirton WV transformer plant)","clevelandcliffs.com","Cat4","","","Aldahir","true","Signal verified and found dead: the original July 2024 announcement (new $150M distribution transformer plant repurposing the Half Moon Warehouse, 600 USW reemployment jobs) was formally cancelled by Cleveland-Cliffs in May 2025 -- the company stated on its Q1 2025 earnings call it would no longer deploy capital toward this project because a project partner changed scope. A WebSearch this run resurfaced the original 2024 press coverage as if current (some aggregators still date it 'July 22' without the year, reading as fresh in 2026); verified against a second, more specific search before treating it as a real candidate. Logged here so a future run doesn't re-discover and have to re-debunk the same stale story.","","false","","","","","7ad58986-786e-45f2-a4ad-a1dd18daf329","2026-08-24T18:54:30.980438+00:00","2026-08-31T03:58:20.319+00:00"
"c009afa2-88ae-4b33-bd7b-800fefa18504","Gurtz Electric Co.","gurtzelectric.com","Cat3","N/A-Cat3","","","false","","","false","capacity_expansion","Gurtz Electric bought a building in Port Washington, WI to support electrical work on a $15B data center project (Vantage Data Centers, near 3830 County Road H)","https://biztimes.com/data-center-work-helps-drive-gurtz-electrics-port-washington-expansion/","2026-01-16","e15bf46e-03f4-464b-af42-9994abffea7d","2026-08-24T18:54:30.980438+00:00","2026-08-31T03:58:20.319+00:00"
"28a6b2ec-7517-4fc4-a8eb-4988ae3d6409","Conti LLC","conticorporation.com","Cat3","N/A-Cat3","","","false","","","false","firmographic (ai_ark: electrical/data center construction, US/Mexico)","Firmographic fit: AI Ark company search matched industry [""electrical construction"",""data center construction""], employeeSize range 50-10,000, HQ United States/Mexico (excludes utilities, wholesale)","","","e15bf46e-03f4-464b-af42-9994abffea7d","2026-08-24T18:54:30.980438+00:00","2026-08-31T03:58:20.319+00:00"
"878c6942-b5fd-4a77-8bd8-b3e4c3ca8ded","Bloom Energy","bloomenergy.com","Cat4","4B","P1","Aldahir","false","","tier_2","true","capacity_expansion","Bloom Energy committed ~$100M to double fuel-cell manufacturing capacity from 1GW to 2GW at its Fremont, CA facility, targeted for completion end of 2026, amid surging AI data center demand","https://fuelcellsworks.com/2025/08/05/hydrogen-economy/bloom-energy-reports-record-q2-revenue-targets-2gw-fuel-cell-expansion-amid-ai-data-centre-boom","2025-08-05","7ad58986-786e-45f2-a4ad-a1dd18daf329","2026-08-24T18:54:30.980438+00:00","2026-09-01T17:43:57.821+00:00"
"9a82ac25-7eae-47ec-b446-c44ec7048630","DPR","dpr.com","Cat3","","","","false","","","false","","","","","7ad58986-786e-45f2-a4ad-a1dd18daf329","2026-09-01T17:44:00.353606+00:00","2026-09-01T17:44:00.353606+00:00"
"c484da72-8950-4edd-9a47-7f6da000b3ea","A123 Systems","a123systems.com","Cat4","4C","P1","Aldahir","false","","","true","","","","","7ad58986-786e-45f2-a4ad-a1dd18daf329","2026-08-24T18:54:30.980438+00:00","2026-08-31T03:58:20.319+00:00"
"ef07a3cd-914b-4808-98be-248d7e0c0bdf","Enovix","enovix.com","Cat4","4C","P1","Aldahir","false","","","true","","","","","7ad58986-786e-45f2-a4ad-a1dd18daf329","2026-08-24T18:54:30.980438+00:00","2026-08-31T03:58:20.319+00:00"
"e8b0ae0d-ff1d-4982-8953-7e8bb6337cf3","Samsung SDI","samsungsdi.com","Cat4","","","","false","","","false","","","","","7ad58986-786e-45f2-a4ad-a1dd18daf329","2026-09-01T17:44:00.353606+00:00","2026-09-01T17:44:00.353606+00:00"
"c2dcc5e5-38f4-47bb-a242-b77181b866c0","Schneider Electric","schneider-electric.com","Cat4","","","","false","","","false","","","","","7ad58986-786e-45f2-a4ad-a1dd18daf329","2026-09-01T17:44:00.353606+00:00","2026-09-01T17:44:00.353606+00:00"
"7337a3e0-c9a0-4c6c-a943-bf7c6e9b18f4","Siemens","siemens.com","Cat4","","","","false","","","false","","","","","7ad58986-786e-45f2-a4ad-a1dd18daf329","2026-09-01T17:44:00.353606+00:00","2026-09-01T17:44:00.353606+00:00"
"2e9003bb-ec1a-4e89-a695-9524693f35af","Siemens Energy","siemens-energy.com","Cat4","","","","false","","","false","","","","","7ad58986-786e-45f2-a4ad-a1dd18daf329","2026-09-01T17:44:00.353606+00:00","2026-09-01T17:44:00.353606+00:00"
"5fb9021b-7986-4ed5-882e-c47d7b97c6dc","Skeleton Technologies","","Cat4","","","","false","","","false","","","","","7ad58986-786e-45f2-a4ad-a1dd18daf329","2026-09-01T17:44:00.353606+00:00","2026-09-01T17:44:00.353606+00:00"
"87b5e53a-1770-4429-b073-39a8fab9f2de","Solar Turbines","solarturbines.com","Cat4","","","","false","","","false","","","","","7ad58986-786e-45f2-a4ad-a1dd18daf329","2026-09-01T17:44:00.353606+00:00","2026-09-01T17:44:00.353606+00:00"
"cde8a0b9-a38f-41a6-a699-f5dd2d0f188a","SolidEra","","Cat4","","","","false","","","false","","","","","7ad58986-786e-45f2-a4ad-a1dd18daf329","2026-09-01T17:44:00.353606+00:00","2026-09-01T17:44:00.353606+00:00"
"94cba896-76b5-4e8e-82a5-9ba5ac3931cc","SRC","srcinc.com","Cat4","","","","false","","","false","","","","","7ad58986-786e-45f2-a4ad-a1dd18daf329","2026-09-01T17:44:00.353606+00:00","2026-09-01T17:44:00.353606+00:00"
"056244fe-9189-490a-82a4-9f14c872d695","Stulz","lamipak.biz","Cat4","","","","false","","","false","","","","","7ad58986-786e-45f2-a4ad-a1dd18daf329","2026-09-01T17:44:00.353606+00:00","2026-09-01T17:44:00.353606+00:00"
"31588a55-b90a-4f6e-a085-32551b42854b","Submer","submer.com","Cat4","","","","false","","","false","","","","","7ad58986-786e-45f2-a4ad-a1dd18daf329","2026-09-01T17:44:00.353606+00:00","2026-09-01T17:44:00.353606+00:00"
"5640427d-f9ca-4982-9064-c105619c1d30","Sungrow","sungrowpower.com","Cat4","","","","false","","","false","","","","","7ad58986-786e-45f2-a4ad-a1dd18daf329","2026-09-01T17:44:00.353606+00:00","2026-09-01T17:44:00.353606+00:00"
"e6d0bb37-dbaf-4a8e-b661-66eb89ce0b6e","Tesla Energy","teslaenergy.cl","Cat4","","","","false","","","false","","","","","7ad58986-786e-45f2-a4ad-a1dd18daf329","2026-09-01T17:44:00.353606+00:00","2026-09-01T17:44:00.353606+00:00"
"c6df1e43-c77e-452e-bc9d-d0a5342e04e5","Trane Technologies","tranetechnologies.com","Cat4","","","","false","","","false","","","","","7ad58986-786e-45f2-a4ad-a1dd18daf329","2026-09-01T17:44:00.353606+00:00","2026-09-01T17:44:00.353606+00:00"
"6767b681-4a89-4856-819d-f1fd0d0359d1","Turner","turnerandtownsend.com","Cat3","","","","false","","","false","","","","","7ad58986-786e-45f2-a4ad-a1dd18daf329","2026-09-01T17:44:00.353606+00:00","2026-09-01T17:44:00.353606+00:00"
"9c595e93-33cd-4a65-876a-302440cf8764","UP","upandupcollective.com","Cat4","","","","false","","","false","","","","","7ad58986-786e-45f2-a4ad-a1dd18daf329","2026-09-01T17:44:00.353606+00:00","2026-09-01T17:44:00.353606+00:00"
"830b2fbc-3023-48d7-b683-6c63213f1a71","Vertiv","vertiv.com","Cat4","","","","false","","","false","","","","","7ad58986-786e-45f2-a4ad-a1dd18daf329","2026-09-01T17:44:00.353606+00:00","2026-09-01T17:44:00.353606+00:00"
"62df12c8-b861-4b3a-8982-69edf5596ae3","VoltaGrid","voltagrid.com","Cat4","","","","false","","","false","","","","","7ad58986-786e-45f2-a4ad-a1dd18daf329","2026-09-01T17:44:00.353606+00:00","2026-09-01T17:44:00.353606+00:00"
"26adac08-fda0-4309-a698-6e9e471b43d0","Wärtsilä","wartsila.com","Cat4","","","","false","","","false","","","","","7ad58986-786e-45f2-a4ad-a1dd18daf329","2026-09-01T17:44:00.353606+00:00","2026-09-01T17:44:00.353606+00:00"
"91836ae9-0d3f-4417-962b-cc8c92306e38","Zauner Group","","Cat3","","","","false","","","false","","","","","7ad58986-786e-45f2-a4ad-a1dd18daf329","2026-09-01T17:44:00.353606+00:00","2026-09-01T17:44:00.353606+00:00"
"397c9777-ff9b-4e8a-9541-3c4c96c36269","ZutaCore","zutacore.com","Cat4","","","","false","","","false","","","","","7ad58986-786e-45f2-a4ad-a1dd18daf329","2026-09-01T17:44:00.353606+00:00","2026-09-01T17:44:00.353606+00:00"
"7c594de0-c2e0-49ea-8af3-73b1a47f5654","Excellerate","","Cat3","N/A-Cat3","","","false","","","false","","","","","7ad58986-786e-45f2-a4ad-a1dd18daf329","2026-08-24T18:54:30.980438+00:00","2026-08-31T03:58:20.319+00:00"
"dbe0f02b-37bf-44c9-83dd-0068720d24a9","ABB","global.abb","Cat4","","","","false","","","false","","","","","7ad58986-786e-45f2-a4ad-a1dd18daf329","2026-09-01T17:44:00.353606+00:00","2026-09-01T17:44:00.353606+00:00"
"5ed7f80f-49e4-442e-a421-39f4a3ce93e2","Accelsius","accelsius.com","Cat4","","","","false","","","false","","","","","7ad58986-786e-45f2-a4ad-a1dd18daf329","2026-09-01T17:44:00.353606+00:00","2026-09-01T17:44:00.353606+00:00"
"f6bad553-e7e7-46dd-b753-666c38f9c4d7","Alloy Enterprises","alloyenterprises.co","Cat4","","","","false","","","false","","","","","7ad58986-786e-45f2-a4ad-a1dd18daf329","2026-09-01T17:44:00.353606+00:00","2026-09-01T17:44:00.353606+00:00"
"77e6aa50-52d1-47e9-8524-41d49dd5c638","Ansaldo Energia","ansaldoenergia.com","Cat4","","","","false","","","false","","","","","7ad58986-786e-45f2-a4ad-a1dd18daf329","2026-09-01T17:44:00.353606+00:00","2026-09-01T17:44:00.353606+00:00"
"f0e52944-b186-4015-a326-e6a82f68baca","Asperitas","asperitas.com","Cat4","","","","false","","","false","","","","","7ad58986-786e-45f2-a4ad-a1dd18daf329","2026-09-01T17:44:00.353606+00:00","2026-09-01T17:44:00.353606+00:00"
"4ea2d57a-feb8-4aa3-8159-f4bf95b4fa4d","Baker Hughes","bakerhughes.com","Cat4","","","","false","","","false","","","","","7ad58986-786e-45f2-a4ad-a1dd18daf329","2026-09-01T17:44:00.353606+00:00","2026-09-01T17:44:00.353606+00:00"
"53a485d6-6e74-44a8-884d-7cd1b9985a6c","Ballard","ballarddesigns.com","Cat4","","","","false","","","false","","","","","7ad58986-786e-45f2-a4ad-a1dd18daf329","2026-09-01T17:44:00.353606+00:00","2026-09-01T17:44:00.353606+00:00"
"b1fd91ed-3a8f-4e3d-94fd-df72c67e4b82","Bechtel","bechtel.com","Cat3","","","","false","","","false","","","","","7ad58986-786e-45f2-a4ad-a1dd18daf329","2026-09-01T17:44:00.353606+00:00","2026-09-01T17:44:00.353606+00:00"
"ac8133d4-b09e-44ad-b590-9b4228e5b676","Boom","boom.co","Cat4","","","","false","","","false","","","","","7ad58986-786e-45f2-a4ad-a1dd18daf329","2026-09-01T17:44:00.353606+00:00","2026-09-01T17:44:00.353606+00:00"
"9be9bc7b-d4ee-4c29-b48e-0f5b81ac9f95","Burns & McDonnell","burnsmcd.com","Cat3","","","","false","","","false","","","","","7ad58986-786e-45f2-a4ad-a1dd18daf329","2026-09-01T17:44:00.353606+00:00","2026-09-01T17:44:00.353606+00:00"
"f537da2b-77dd-462a-b9cf-050be8ba4211","BYD","byd.com","Cat4","","","","false","","","false","","","","","7ad58986-786e-45f2-a4ad-a1dd18daf329","2026-09-01T17:44:00.353606+00:00","2026-09-01T17:44:00.353606+00:00"
"873cc8ca-8d4f-4fe8-aace-b36d82b66228","Caterpillar","caterpillar.com","Cat4","","","","false","","","false","","","","","7ad58986-786e-45f2-a4ad-a1dd18daf329","2026-09-01T17:44:00.353606+00:00","2026-09-01T17:44:00.353606+00:00"
"6c3a6449-4fee-43cc-b447-911344fe5bec","CATL","catl.com","Cat4","","","","false","","","false","","","","","7ad58986-786e-45f2-a4ad-a1dd18daf329","2026-09-01T17:44:00.353606+00:00","2026-09-01T17:44:00.353606+00:00"
"9c5f90d4-a2cb-48e9-888a-228386536095","Centrax","","Cat4","","","","false","","","false","","","","","7ad58986-786e-45f2-a4ad-a1dd18daf329","2026-09-01T17:44:00.353606+00:00","2026-09-01T17:44:00.353606+00:00"
"c816b9d6-c70e-413e-99ba-2c47d7b6d4f3","Ceres","cerespower.com","Cat4","","","","false","","","false","","","","","7ad58986-786e-45f2-a4ad-a1dd18daf329","2026-09-01T17:44:00.353606+00:00","2026-09-01T17:44:00.353606+00:00"
"0dd19b97-2eed-41c7-a0cf-092d671ec0fc","Clarke Energy","","Cat4","","","","false","","","false","","","","","7ad58986-786e-45f2-a4ad-a1dd18daf329","2026-09-01T17:44:00.353606+00:00","2026-09-01T17:44:00.353606+00:00"
"938ebe57-0f09-4538-80fe-011427088525","Collen","collen.com","Cat3","","","","false","","","false","","","","","7ad58986-786e-45f2-a4ad-a1dd18daf329","2026-09-01T17:44:00.353606+00:00","2026-09-01T17:44:00.353606+00:00"
"9033e915-1e71-491f-bebb-c1100b866e9e","Convion","convion.fi","Cat4","","","","false","","","false","","","","","7ad58986-786e-45f2-a4ad-a1dd18daf329","2026-09-01T17:44:00.353606+00:00","2026-09-01T17:44:00.353606+00:00"
"5bc7554e-3dfc-40ee-9e77-a05e6d182aeb","Corintis","corintis.com","Cat4","","","","false","","","false","","","","","7ad58986-786e-45f2-a4ad-a1dd18daf329","2026-09-01T17:44:00.353606+00:00","2026-09-01T17:44:00.353606+00:00"
"e7f96571-477a-45c7-9640-e171e2b1827f","Cummins","cummins.com","Cat4","","","","false","","","false","","","","","7ad58986-786e-45f2-a4ad-a1dd18daf329","2026-09-01T17:44:00.353606+00:00","2026-09-01T17:44:00.353606+00:00"
"6a9a145d-3343-442e-b032-0c7b27ced6c3","Daikin","daikincomfort.com","Cat4","","","","false","","","false","","","","","7ad58986-786e-45f2-a4ad-a1dd18daf329","2026-09-01T17:44:00.353606+00:00","2026-09-01T17:44:00.353606+00:00"
"09eddc44-1f3a-4bc6-a02c-f929f28698bf","Delta","","Cat4","","","","false","","","false","","","","","7ad58986-786e-45f2-a4ad-a1dd18daf329","2026-09-01T17:44:00.353606+00:00","2026-09-01T17:44:00.353606+00:00"
"1ee79688-6037-4dc2-a29a-b8624eafd443","Doosan","doosan.com","Cat4","","","","false","","","false","","","","","7ad58986-786e-45f2-a4ad-a1dd18daf329","2026-09-01T17:44:00.353606+00:00","2026-09-01T17:44:00.353606+00:00"
"59de562e-0ddd-40fc-878d-a2a9c267ad09","Eaton","eaton.com","Cat4","","","","false","","","false","","","","","7ad58986-786e-45f2-a4ad-a1dd18daf329","2026-09-01T17:44:00.353606+00:00","2026-09-01T17:44:00.353606+00:00"
"67909762-67d9-4855-bc1b-520b4160d9f7","Ecolab","ecolab.com","Cat4","","","","false","","","false","","","","","7ad58986-786e-45f2-a4ad-a1dd18daf329","2026-09-01T17:44:00.353606+00:00","2026-09-01T17:44:00.353606+00:00"
"348ca9c8-1de8-40ae-825d-a45aeb218464","Enchanted Rock","","Cat4","","","","false","","","false","","","","","7ad58986-786e-45f2-a4ad-a1dd18daf329","2026-09-01T17:44:00.353606+00:00","2026-09-01T17:44:00.353606+00:00"
"ec47dbf2-0d3b-4195-a00d-47be2f501fb2","EnerSys","enersys.com","Cat4","","","","false","","","false","","","","","7ad58986-786e-45f2-a4ad-a1dd18daf329","2026-09-01T17:44:00.353606+00:00","2026-09-01T17:44:00.353606+00:00"
"ccdcf69c-5e87-4f26-ab53-0e5783e1b39d","Everllence","everllence.com","Cat4","","","","false","","","false","","","","","7ad58986-786e-45f2-a4ad-a1dd18daf329","2026-09-01T17:44:00.353606+00:00","2026-09-01T17:44:00.353606+00:00"
"8f943867-1c68-4956-b0a6-a687a35c5830","Flexgen","flexgen.com","Cat4","","","","false","","","false","","","","","7ad58986-786e-45f2-a4ad-a1dd18daf329","2026-09-01T17:44:00.353606+00:00","2026-09-01T17:44:00.353606+00:00"
"25ff66b7-d157-4e19-85f2-493a52cbb309","Fluence","fluenceenergy.com","Cat4","","","","false","","","false","","","","","7ad58986-786e-45f2-a4ad-a1dd18daf329","2026-09-01T17:44:00.353606+00:00","2026-09-01T17:44:00.353606+00:00"
"08cb1f70-e9a5-445b-b36d-8fe2ed6ca464","Fluor","fluor.com","Cat3","","","","false","","","false","","","","","7ad58986-786e-45f2-a4ad-a1dd18daf329","2026-09-01T17:44:00.353606+00:00","2026-09-01T17:44:00.353606+00:00"
"d6b057ba-1696-4518-a451-6550d827340d","FTAI Aviation","","Cat4","","","","false","","","false","","","","","7ad58986-786e-45f2-a4ad-a1dd18daf329","2026-09-01T17:44:00.353606+00:00","2026-09-01T17:44:00.353606+00:00"
"ff5d8807-10c7-4f43-96db-375899b58f18","GaltTec","galttec.com","Cat4","","","","false","","","false","","","","","7ad58986-786e-45f2-a4ad-a1dd18daf329","2026-09-01T17:44:00.353606+00:00","2026-09-01T17:44:00.353606+00:00"
"64d57f54-7fd8-4835-9d22-7c82278dd73e","GE","ge.com","Cat4","","","","false","","","false","","","","","7ad58986-786e-45f2-a4ad-a1dd18daf329","2026-09-01T17:44:00.353606+00:00","2026-09-01T17:44:00.353606+00:00"
"a7486348-c03f-42c1-af41-92e509e52d04","Generac","generac.com","Cat4","","","","false","","","false","","","","","7ad58986-786e-45f2-a4ad-a1dd18daf329","2026-09-01T17:44:00.353606+00:00","2026-09-01T17:44:00.353606+00:00"
"83d83237-38de-430c-a60f-d7876ae573a6","Hyliion","hyliion.com","Cat4","","","","false","","","false","","","","","7ad58986-786e-45f2-a4ad-a1dd18daf329","2026-09-01T17:44:00.353606+00:00","2026-09-01T17:44:00.353606+00:00"
"9756a557-2506-48f2-b3a0-4398f07aeaad","Hyperscale Power","hyperscale-power.com","Cat4","","","","false","","","false","","","","","7ad58986-786e-45f2-a4ad-a1dd18daf329","2026-09-01T17:44:00.353606+00:00","2026-09-01T17:44:00.353606+00:00"
"1be5bf8b-9330-462e-8c50-bf3377ce7fd4","Iceotope","iceotope.com","Cat4","","","","false","","","false","","","","","7ad58986-786e-45f2-a4ad-a1dd18daf329","2026-09-01T17:44:00.353606+00:00","2026-09-01T17:44:00.353606+00:00"
"2a46bbfe-4108-461f-ada3-f03091a319df","Innovo Solutions","","Cat4","","","","false","","","false","","","","","7ad58986-786e-45f2-a4ad-a1dd18daf329","2026-09-01T17:44:00.353606+00:00","2026-09-01T17:44:00.353606+00:00"
"ae61867d-2387-455b-95d4-2d6b638cdd00","Jenbacher","","Cat4","","","","false","","","false","","","","","7ad58986-786e-45f2-a4ad-a1dd18daf329","2026-09-01T17:44:00.353606+00:00","2026-09-01T17:44:00.353606+00:00"
"add8c330-7f1d-4439-be42-882eb8e43f90","Johnson Controls","johnsoncontrols.com","Cat4","","","","false","","","false","","","","","7ad58986-786e-45f2-a4ad-a1dd18daf329","2026-09-01T17:44:00.353606+00:00","2026-09-01T17:44:00.353606+00:00"
"8b9f9558-2311-40db-9b76-25e1081f7335","Kawasaki","kawasakirobotics.com","Cat4","","","","false","","","false","","","","","7ad58986-786e-45f2-a4ad-a1dd18daf329","2026-09-01T17:44:00.353606+00:00","2026-09-01T17:44:00.353606+00:00"
"1bd565e6-f4aa-4673-89d8-4943a623b9ea","Kiewit","kiewit.com","Cat3","","","","false","","","false","","","","","7ad58986-786e-45f2-a4ad-a1dd18daf329","2026-09-01T17:44:00.353606+00:00","2026-09-01T17:44:00.353606+00:00"
"469a9253-3e27-476f-b341-f392862836d4","Legrand","legrandgroup.com","Cat4","","","","false","","","false","","","","","7ad58986-786e-45f2-a4ad-a1dd18daf329","2026-09-01T17:44:00.353606+00:00","2026-09-01T17:44:00.353606+00:00"
"de66f899-1c11-4260-9b30-6bd84c9af076","LG Energy Solution","lgensol.com","Cat4","","","","false","","","false","","","","","7ad58986-786e-45f2-a4ad-a1dd18daf329","2026-09-01T17:44:00.353606+00:00","2026-09-01T17:44:00.353606+00:00"
"c55d9064-8d15-437e-bcee-48806f576ddc","Mainspring","mainspringenergy.com","Cat4","","","","false","","","false","","","","","7ad58986-786e-45f2-a4ad-a1dd18daf329","2026-09-01T17:44:00.353606+00:00","2026-09-01T17:44:00.353606+00:00"
"b3daf7bb-1f23-4386-a56f-c4bceaa78aee","Mercury","mercuryeng.com","Cat3","","","","false","","","false","","","","","7ad58986-786e-45f2-a4ad-a1dd18daf329","2026-09-01T17:44:00.353606+00:00","2026-09-01T17:44:00.353606+00:00"
"9758a5b3-963e-49df-9b72-8ad98464683b","ArchKey Solutions","archkey.com","Cat3","N/A-Cat3","P2","","false","","","false","","","","","e15bf46e-03f4-464b-af42-9994abffea7d","2026-08-24T18:54:30.980438+00:00","2026-08-31T03:58:20.319+00:00"
"af43a063-c20f-4585-b3bd-82215b74bec3","Cleveland Electric Company","clevelandelectric.com","Cat3","N/A-Cat3","P2","","false","","","false","","","","","e15bf46e-03f4-464b-af42-9994abffea7d","2026-08-24T18:54:30.980438+00:00","2026-08-31T03:58:20.319+00:00"
"fd7d1254-3524-4214-9107-4c703284b6a9","Mitsubishi Power","linkedin.com/company/mitsubishi-power","Cat4","","","","false","","","false","","","","","7ad58986-786e-45f2-a4ad-a1dd18daf329","2026-09-01T17:44:00.353606+00:00","2026-09-01T17:44:00.353606+00:00"
"cd405a6e-13ff-49c7-abf8-bc3346704df9","Mortenson","mortenson.com","Cat3","","","","false","","","false","","","","","7ad58986-786e-45f2-a4ad-a1dd18daf329","2026-09-01T17:44:00.353606+00:00","2026-09-01T17:44:00.353606+00:00"
"dec7c4e7-5b62-4085-8143-febb4a1f6eeb","Plug","plugpower.com","Cat4","","","","false","","","false","","","","","7ad58986-786e-45f2-a4ad-a1dd18daf329","2026-09-01T17:44:00.353606+00:00","2026-09-01T17:44:00.353606+00:00"
"0a940f21-a96a-4f5f-afed-f3e2dcd5d535","PowerCell","powercellgroup.com","Cat4","","","","false","","","false","","","","","7ad58986-786e-45f2-a4ad-a1dd18daf329","2026-09-01T17:44:00.353606+00:00","2026-09-01T17:44:00.353606+00:00"
"ca9276b1-dfbc-41c1-bf4f-89747067beea","ProEnergy","proenergyservices.com","Cat4","","","","false","","","false","","","","","7ad58986-786e-45f2-a4ad-a1dd18daf329","2026-09-01T17:44:00.353606+00:00","2026-09-01T17:44:00.353606+00:00"
"8638b2b7-0e8e-4b17-9ea0-f5196d4fc46c","Rolls-Royce","rolls-royce.com","Cat4","","","","false","","","false","","","","","7ad58986-786e-45f2-a4ad-a1dd18daf329","2026-09-01T17:44:00.353606+00:00","2026-09-01T17:44:00.353606+00:00"
"d101bf8a-0534-4800-a01b-d07b858bfa11","Amperesand","amperesand.io","Cat4","4C","P1","Aldahir","false","","tier_2","true","funding","Amperesand raised $80M Series A (Walden Catalyst Ventures, Temasek) to accelerate commercialization of its medium-voltage solid-state transformer for hyperscale AI data centers, with 30MW of commercial systems slated for delivery in 2026","https://www.businesswire.com/news/home/20251118244299/en/Amperesand-Raises-$80M-Series-A-Co-led-by-Walden-Catalyst-Ventures-and-Temasek-to-Redefine-Power-Infrastructure-for-AI-Data-Centers","2025-11-18","7ad58986-786e-45f2-a4ad-a1dd18daf329","2026-08-24T18:54:30.980438+00:00","2026-09-01T17:43:57.819+00:00"
"0dcce050-fed5-4d03-916f-471d785b41f5","FuelCell Energy","fce.com","Cat4","4B","P1","Aldahir","false","","tier_2","true","capacity_expansion","FuelCell Energy and Sustainable Development Capital LLP (SDCL) announced a strategic collaboration to explore deployment of up to 450MW of fuel cell power systems for data centers and mission-critical facilities globally","https://investor.fce.com/press-releases/press-release-details/2026/Sustainable-Development-Capital-LLP-and-FuelCell-Energy-Forge-Strategic-Data-Center-Power-Collaboration/default.aspx","2026-01-20","7ad58986-786e-45f2-a4ad-a1dd18daf329","2026-08-24T18:54:30.980438+00:00","2026-09-01T17:43:57.824+00:00"
"5515bd46-bb6a-4a1e-88d7-6e5831a2be89","Mitsubishi Electric Power Products","mitsubishielectricpowerproducts.com","Cat4","4A","P2","Aldahir","false","","","false","capacity_expansion","$86M, 160,000 sqft Advanced Switchgear Factory announced for Western Pennsylvania","https://www.manufacturingdive.com/news/mitsubishi-subsidiary-invests-86-million-switchgear-pennsylvania-facility/734314/","2026","7ad58986-786e-45f2-a4ad-a1dd18daf329","2026-08-24T18:54:30.980438+00:00","2026-09-01T17:43:57.825+00:00"
"44072d12-8202-4091-8821-0c9358f67668","Heron Power","heronpower.com","Cat4","4C","P1","Aldahir","false","","tier_2","true","capacity_expansion","Heron Power (founded by ex-Tesla exec Drew Baglino) raised $140M Series B specifically to build a 40GW US manufacturing facility for its solid-state Heron Link transformer technology for data centers and the grid","https://www.globenewswire.com/news-release/2026/02/18/3240170/0/en/Heron-Power-Raises-140-Million-to-Build-a-Next-Generation-Power-Grid-in-Series-B-Co-led-by-Andreessen-Horowitz-Breakthrough-Energy-Ventures.html","2026-02-18","7ad58986-786e-45f2-a4ad-a1dd18daf329","2026-08-24T18:54:30.980438+00:00","2026-09-01T17:43:57.824+00:00"
"7795550e-bba9-4553-9832-6e031358029c","Peak Energy","peakenergy.com","Cat4","4C","P1","Aldahir","false","","tier_1","true","capacity_expansion","Peak Energy announced a $71M, 183,000 sq ft factory in Sacramento, CA -- the first US facility dedicated to grid-scale sodium-ion battery storage, targeting 4 GWh/year capacity, shipments starting Q1 2027","https://www.ess-news.com/2026/07/09/peak-energy-to-build-4-gwh-grid-scale-sodium-ion-bess-factory-in-california/","2026-07-09","7ad58986-786e-45f2-a4ad-a1dd18daf329","2026-08-24T18:54:30.980438+00:00","2026-09-01T17:43:57.825+00:00"
"0ce041a4-cf4e-48e3-8e32-0297fe0fc47d","GTI Energy","gti.energy","Cat4","","","Aldahir","true","Excluded at ICP -- GTI Energy (Gas Technology Institute) is a nonprofit research and technology development organization, not an equipment manufacturer or OEM of any kind. Fails Category-4's OEM requirement outright.","","false","","","","","7ad58986-786e-45f2-a4ad-a1dd18daf329","2026-08-24T18:54:30.980438+00:00","2026-08-31T03:58:20.319+00:00"
"ca05b532-3e77-41d8-bc4c-0fc1ba665fb9","Bright Future Electric","brightfutureelectric.com","Cat3","N/A-Cat3","","","false","","","false","firmographic (ai_ark: electrical/data center construction, US/Mexico)","Firmographic fit: AI Ark company search matched industry [""electrical construction"",""data center construction""], employeeSize range 50-10,000, HQ United States/Mexico (excludes utilities, wholesale)","","","e15bf46e-03f4-464b-af42-9994abffea7d","2026-08-24T18:54:30.980438+00:00","2026-08-31T03:58:20.319+00:00"
"76e5c8a3-6e62-49e2-ad73-7530aadcba53","BBEC","bbecelectric.com","Cat3","N/A-Cat3","","","false","","","false","firmographic (ai_ark: electrical/data center construction, US/Mexico)","Firmographic fit: AI Ark company search matched industry [""electrical construction"",""data center construction""], employeeSize range 50-10,000, HQ United States/Mexico (excludes utilities, wholesale)","","","e15bf46e-03f4-464b-af42-9994abffea7d","2026-08-24T18:54:30.980438+00:00","2026-08-31T03:58:20.319+00:00"
"4e2b0443-9b80-4085-8810-e4e4e703c317","Bayou Electrical Services","bayouelectrical.com","Cat3","N/A-Cat3","","","false","","","false","firmographic (ai_ark: electrical/data center construction, US/Mexico)","Firmographic fit: AI Ark company search matched industry [""electrical construction"",""data center construction""], employeeSize range 50-10,000, HQ United States/Mexico (excludes utilities, wholesale)","","","7ad58986-786e-45f2-a4ad-a1dd18daf329","2026-08-24T18:54:30.980438+00:00","2026-08-31T03:58:20.319+00:00"
"5a944605-0208-4d99-9a84-8170d52d91c7","Altimate Electric, Inc.","altimateelectric.com","Cat3","N/A-Cat3","","","false","","","false","firmographic (ai_ark: electrical/data center construction, US/Mexico)","Firmographic fit: AI Ark company search matched industry [""electrical construction"",""data center construction""], employeeSize range 50-10,000, HQ United States/Mexico (excludes utilities, wholesale)","","","e15bf46e-03f4-464b-af42-9994abffea7d","2026-08-24T18:54:30.980438+00:00","2026-08-31T03:58:20.319+00:00"
"29cc9217-bc21-439f-b2e9-4e08a182b73a","Boys Electrical Contractors, LLC","boyselectrical.com","Cat3","N/A-Cat3","","","false","","","false","firmographic (ai_ark: electrical/data center construction, US/Mexico)","Firmographic fit: AI Ark company search matched industry [""electrical construction"",""data center construction""], employeeSize range 50-10,000, HQ United States/Mexico (excludes utilities, wholesale)","","","7ad58986-786e-45f2-a4ad-a1dd18daf329","2026-08-24T18:54:30.980438+00:00","2026-08-31T03:58:20.32+00:00"
"70fee04f-0fbc-4439-91df-7fd7b072f7b4","Applied High Voltage, LLC","ahvsllc.com","Cat3","N/A-Cat3","","","false","","","false","firmographic (ai_ark: electrical/data center construction, US/Mexico)","Firmographic fit: AI Ark company search matched industry [""electrical construction"",""data center construction""], employeeSize range 50-10,000, HQ United States/Mexico (excludes utilities, wholesale)","","","7ad58986-786e-45f2-a4ad-a1dd18daf329","2026-08-24T18:54:30.980438+00:00","2026-08-31T03:58:20.32+00:00"
"9e88b8d6-8016-4729-b3e4-0f9e9fdc6c2e","AE Electrical Solutions","aees.com","Cat3","N/A-Cat3","","","false","","","false","firmographic (ai_ark: electrical/data center construction, US/Mexico)","Firmographic fit: AI Ark company search matched industry [""electrical construction"",""data center construction""], employeeSize range 50-10,000, HQ United States/Mexico (excludes utilities, wholesale)","","","7ad58986-786e-45f2-a4ad-a1dd18daf329","2026-08-24T18:54:30.980438+00:00","2026-08-31T03:58:20.32+00:00"
"acd40ef5-cd7c-42d0-976a-3524dced1a91","Cupertino Electric","","Cat3","N/A-Cat3","","","false","","","false","","","","","7ad58986-786e-45f2-a4ad-a1dd18daf329","2026-08-24T18:54:30.980438+00:00","2026-08-31T03:58:20.319+00:00"
"080bc317-a806-43d4-b082-b83a6258e8fc","Facility Solutions Group","fsg.com","Cat3","N/A-Cat3","P2","","false","","","false","","","","","e15bf46e-03f4-464b-af42-9994abffea7d","2026-08-24T18:54:30.980438+00:00","2026-08-31T03:58:20.319+00:00"
"4262dcbe-7ee2-4629-a126-2a1f47e92956","Christenson Electric","christenson.com","Cat3","N/A-Cat3","","","false","","","false","firmographic (ai_ark: electrical/data center construction, US/Mexico)","Firmographic fit: AI Ark company search matched industry [""electrical construction"",""data center construction""], employeeSize range 50-10,000, HQ United States/Mexico (excludes utilities, wholesale)","","","7ad58986-786e-45f2-a4ad-a1dd18daf329","2026-08-24T18:54:30.980438+00:00","2026-08-31T03:58:20.319+00:00"
"da5f5858-7cef-42c8-b1d7-1e67087576d8","GEM Plumbing & Heating Services, LLC","askgem.com","Cat3","N/A-Cat3","","","false","","","false","firmographic (ai_ark: electrical/data center construction, US/Mexico)","Firmographic fit: AI Ark company search matched industry [""electrical construction"",""data center construction""], employeeSize range 50-10,000, HQ United States/Mexico (excludes utilities, wholesale)","","","7ad58986-786e-45f2-a4ad-a1dd18daf329","2026-08-24T18:54:30.980438+00:00","2026-08-31T03:58:20.319+00:00"
"f98d5213-c19c-4171-9bf7-27b68ef3d8fe","Dubak Electrical Group","dubakelectrical.com","Cat3","N/A-Cat3","","","false","","","false","firmographic (ai_ark: electrical/data center construction, US/Mexico)","Firmographic fit: AI Ark company search matched industry [""electrical construction"",""data center construction""], employeeSize range 50-10,000, HQ United States/Mexico (excludes utilities, wholesale)","","","e15bf46e-03f4-464b-af42-9994abffea7d","2026-08-24T18:54:30.980438+00:00","2026-08-31T03:58:20.319+00:00"
"e5bbfca1-f3c7-4115-81bd-a4b9933d71c4","Connelly Electric Co","connellyelectric.com","Cat3","N/A-Cat3","","","false","","","false","firmographic (ai_ark: electrical/data center construction, US/Mexico)","Firmographic fit: AI Ark company search matched industry [""electrical construction"",""data center construction""], employeeSize range 50-10,000, HQ United States/Mexico (excludes utilities, wholesale)","","","7ad58986-786e-45f2-a4ad-a1dd18daf329","2026-08-24T18:54:30.980438+00:00","2026-08-31T03:58:20.319+00:00"
"93e2959c-308b-4455-9526-685c7d675c0d","Electrical Contractors, Inc.","ecincorporated.com","Cat3","N/A-Cat3","","","false","","","false","firmographic (ai_ark: electrical/data center construction, US/Mexico)","Firmographic fit: AI Ark company search matched industry [""electrical construction"",""data center construction""], employeeSize range 50-10,000, HQ United States/Mexico (excludes utilities, wholesale)","","","e15bf46e-03f4-464b-af42-9994abffea7d","2026-08-24T18:54:30.980438+00:00","2026-08-31T03:58:20.319+00:00"
"f56e973a-fd8d-407d-bcb6-0f650cce80a5","C.W. Wright Construction Company, LLC.","cwwright.com","Cat3","N/A-Cat3","","","false","","","false","firmographic (ai_ark: electrical/data center construction, US/Mexico)","Firmographic fit: AI Ark company search matched industry [""electrical construction"",""data center construction""], employeeSize range 50-10,000, HQ United States/Mexico (excludes utilities, wholesale)","","","7ad58986-786e-45f2-a4ad-a1dd18daf329","2026-08-24T18:54:30.980438+00:00","2026-08-31T03:58:20.319+00:00"
"939bc70c-d876-41e5-9f22-b2ec2ad7598f","Fountain Electric & Services LLC","fountainelectric.com","Cat3","N/A-Cat3","","","false","","","false","firmographic (ai_ark: electrical/data center construction, US/Mexico)","Firmographic fit: AI Ark company search matched industry [""electrical construction"",""data center construction""], employeeSize range 50-10,000, HQ United States/Mexico (excludes utilities, wholesale)","","","7ad58986-786e-45f2-a4ad-a1dd18daf329","2026-08-24T18:54:30.980438+00:00","2026-08-31T03:58:20.319+00:00"
"b2e37c89-9ffe-4b99-91e6-158dc936ed05","C2C Technical Services","c2ctechnicalservices.com","Cat3","N/A-Cat3","","","false","","","false","firmographic (ai_ark: electrical/data center construction, US/Mexico)","Firmographic fit: AI Ark company search matched industry [""electrical construction"",""data center construction""], employeeSize range 50-10,000, HQ United States/Mexico (excludes utilities, wholesale)","","","e15bf46e-03f4-464b-af42-9994abffea7d","2026-08-24T18:54:30.980438+00:00","2026-08-31T03:58:20.319+00:00"
"95b96008-cdb9-4506-85e2-35cb1cc2a042","Bryant-Durham Electric Co., Inc.","bryantdurhamelectric.com","Cat3","N/A-Cat3","","","false","","","false","firmographic (ai_ark: electrical/data center construction, US/Mexico)","Firmographic fit: AI Ark company search matched industry [""electrical construction"",""data center construction""], employeeSize range 50-10,000, HQ United States/Mexico (excludes utilities, wholesale)","","","7ad58986-786e-45f2-a4ad-a1dd18daf329","2026-08-24T18:54:30.980438+00:00","2026-08-31T03:58:20.319+00:00"
"e9badfe3-a151-4e37-8f06-60b707aa7a87","Energy Electrical Contractors","energyelectricne.com","Cat3","N/A-Cat3","","","false","","","false","firmographic (ai_ark: electrical/data center construction, US/Mexico)","Firmographic fit: AI Ark company search matched industry [""electrical construction"",""data center construction""], employeeSize range 50-10,000, HQ United States/Mexico (excludes utilities, wholesale)","","","7ad58986-786e-45f2-a4ad-a1dd18daf329","2026-08-24T18:54:30.980438+00:00","2026-08-31T03:58:20.319+00:00"
"4c95ec09-f769-44e8-81d4-c5bee6709fa9","Commonwealth Electrical Technologies","comelectrical.com","Cat3","N/A-Cat3","","","false","","","false","firmographic (ai_ark: electrical/data center construction, US/Mexico)","Firmographic fit: AI Ark company search matched industry [""electrical construction"",""data center construction""], employeeSize range 50-10,000, HQ United States/Mexico (excludes utilities, wholesale)","","","e15bf46e-03f4-464b-af42-9994abffea7d","2026-08-24T18:54:30.980438+00:00","2026-08-31T03:58:20.32+00:00"
"9958c5cf-f1e5-41fb-b922-7d27076113aa","Dynalectric Colorado","dyna-co.com","Cat3","N/A-Cat3","","","false","","","false","firmographic (ai_ark: electrical/data center construction, US/Mexico)","Firmographic fit: AI Ark company search matched industry [""electrical construction"",""data center construction""], employeeSize range 50-10,000, HQ United States/Mexico (excludes utilities, wholesale)","","","7ad58986-786e-45f2-a4ad-a1dd18daf329","2026-08-24T18:54:30.980438+00:00","2026-08-31T03:58:20.32+00:00"
"ef7a6aac-eb64-47fc-816f-a35e51919585","Byers Industrial Services","byersindustrial.com","Cat3","N/A-Cat3","","","false","","","false","firmographic (icp-check WebSearch pass on cat3_tam net-new + wiza/hunter/icypeas waterfall)","ICP_VALID via WebSearch: US-based electrical/industrial contractor at qualifying commercial-industrial scale (data-center evidence explicit for Tier A; general industrial/commercial fit for Tier B) -- residential-only and non-US accounts excluded from this pull","","","e15bf46e-03f4-464b-af42-9994abffea7d","2026-08-24T18:54:30.980438+00:00","2026-08-31T03:58:20.32+00:00"
"4a8112e6-6997-40c9-b0c0-5e811625efa4","Energy Erectors Inc.","energyerectors.net","Cat3","N/A-Cat3","","","false","","","false","firmographic (icp-check WebSearch pass on cat3_tam net-new + wiza/hunter/icypeas waterfall)","ICP_VALID via WebSearch: US-based electrical/industrial contractor at qualifying commercial-industrial scale (data-center evidence explicit for Tier A; general industrial/commercial fit for Tier B) -- residential-only and non-US accounts excluded from this pull","","","e15bf46e-03f4-464b-af42-9994abffea7d","2026-08-24T18:54:30.980438+00:00","2026-08-31T03:58:20.32+00:00"
"6f7d4f3c-4540-48f1-b616-84487824779a","Collins Electric Company","collinselectricco.com","Cat3","N/A-Cat3","","","false","","","false","firmographic (icp-check WebSearch pass on cat3_tam net-new + wiza/hunter/icypeas waterfall)","ICP_VALID via WebSearch: US-based electrical/industrial contractor at qualifying commercial-industrial scale (data-center evidence explicit for Tier A; general industrial/commercial fit for Tier B) -- residential-only and non-US accounts excluded from this pull","","","7ad58986-786e-45f2-a4ad-a1dd18daf329","2026-08-24T18:54:30.980438+00:00","2026-08-31T03:58:20.32+00:00"
"59139946-c88d-4578-aa46-bc2c2a837cb2","Garber Electrical Contractors","garberelectric.com","Cat3","N/A-Cat3","","","false","","","false","firmographic (icp-check WebSearch pass on cat3_tam net-new + wiza/hunter/icypeas waterfall)","ICP_VALID via WebSearch: US-based electrical/industrial contractor at qualifying commercial-industrial scale (data-center evidence explicit for Tier A; general industrial/commercial fit for Tier B) -- residential-only and non-US accounts excluded from this pull","","","e15bf46e-03f4-464b-af42-9994abffea7d","2026-08-24T18:54:30.980438+00:00","2026-08-31T03:58:20.32+00:00"
"d961ab9a-3ed2-46ba-ab08-3fa8c5ce03dd","MYR Group","myrgroup.com","Cat3","N/A-Cat3","P2","","false","","","false","","","","","7ad58986-786e-45f2-a4ad-a1dd18daf329","2026-08-24T18:54:30.980438+00:00","2026-08-31T03:58:20.319+00:00"
"1d0473bb-8a75-454d-aed1-2286e7583288","Harris Company","harriscompany.com","Cat3","N/A-Cat3","P2","","false","","","false","","","","","7ad58986-786e-45f2-a4ad-a1dd18daf329","2026-08-24T18:54:30.980438+00:00","2026-08-31T03:58:20.319+00:00"
"2613cc90-b56b-4a19-81db-4bb27b5f4b2e","Hays Electrical Services","hayselectrical.com","Cat3","N/A-Cat3","P2","","false","","","false","","","","","e15bf46e-03f4-464b-af42-9994abffea7d","2026-08-24T18:54:30.980438+00:00","2026-08-31T03:58:20.319+00:00"
"d1af8613-df4d-40ff-b5f0-a1337f63d738","HOOPER","hoopercorp.com","Cat3","N/A-Cat3","","","false","","","false","firmographic (ai_ark: electrical/data center construction, US/Mexico)","Firmographic fit: AI Ark company search matched industry [""electrical construction"",""data center construction""], employeeSize range 50-10,000, HQ United States/Mexico (excludes utilities, wholesale)","","","e15bf46e-03f4-464b-af42-9994abffea7d","2026-08-24T18:54:30.980438+00:00","2026-08-31T03:58:20.319+00:00"
"187f7b2c-22d2-4fee-89e3-b155d897d30b","InPwr Inc.","inpwrinc.com","Cat3","N/A-Cat3","","","false","","","false","firmographic (ai_ark: electrical/data center construction, US/Mexico)","Firmographic fit: AI Ark company search matched industry [""electrical construction"",""data center construction""], employeeSize range 50-10,000, HQ United States/Mexico (excludes utilities, wholesale)","","","7ad58986-786e-45f2-a4ad-a1dd18daf329","2026-08-24T18:54:30.980438+00:00","2026-08-31T03:58:20.319+00:00"
"a89b5d12-73b1-4afe-91c3-5ceccc90d9da","K2 Electric","k2elec.com","Cat3","N/A-Cat3","","","false","","","false","firmographic (ai_ark: electrical/data center construction, US/Mexico)","Firmographic fit: AI Ark company search matched industry [""electrical construction"",""data center construction""], employeeSize range 50-10,000, HQ United States/Mexico (excludes utilities, wholesale)","","","e15bf46e-03f4-464b-af42-9994abffea7d","2026-08-24T18:54:30.980438+00:00","2026-08-31T03:58:20.319+00:00"
"6b2a00e8-0ce2-40b8-8893-2f69faa19a1c","PAR Western Line Contractors, LLC","parwlc.com","Cat3","N/A-Cat3","","","false","","","false","firmographic (ai_ark: electrical/data center construction, US/Mexico)","Firmographic fit: AI Ark company search matched industry [""electrical construction"",""data center construction""], employeeSize range 50-10,000, HQ United States/Mexico (excludes utilities, wholesale)","","","e15bf46e-03f4-464b-af42-9994abffea7d","2026-08-24T18:54:30.980438+00:00","2026-08-31T03:58:20.319+00:00"
"377ce36b-f3b1-4086-b482-122bbbe5907d","MERIT ELECTRICAL, INC.","meritelectrical.com","Cat3","N/A-Cat3","","","false","","","false","firmographic (ai_ark: electrical/data center construction, US/Mexico)","Firmographic fit: AI Ark company search matched industry [""electrical construction"",""data center construction""], employeeSize range 50-10,000, HQ United States/Mexico (excludes utilities, wholesale)","","","7ad58986-786e-45f2-a4ad-a1dd18daf329","2026-08-24T18:54:30.980438+00:00","2026-08-31T03:58:20.319+00:00"
"03ceb5a5-b014-4828-a5e0-b9d3e4b3d3cb","Massey Electric","masseyelectric.com","Cat3","N/A-Cat3","","","false","","","false","firmographic (ai_ark: electrical/data center construction, US/Mexico)","Firmographic fit: AI Ark company search matched industry [""electrical construction"",""data center construction""], employeeSize range 50-10,000, HQ United States/Mexico (excludes utilities, wholesale)","","","e15bf46e-03f4-464b-af42-9994abffea7d","2026-08-24T18:54:30.980438+00:00","2026-08-31T03:58:20.319+00:00"
"1f6421e0-6143-4334-85bc-c574df428901","Neal Electric Corp.","nealelectric.com","Cat3","N/A-Cat3","","","false","","","false","firmographic (ai_ark: electrical/data center construction, US/Mexico)","Firmographic fit: AI Ark company search matched industry [""electrical construction"",""data center construction""], employeeSize range 50-10,000, HQ United States/Mexico (excludes utilities, wholesale)","","","7ad58986-786e-45f2-a4ad-a1dd18daf329","2026-08-24T18:54:30.980438+00:00","2026-08-31T03:58:20.319+00:00"
"3a4c2939-74be-4ae5-b933-beea9b10b73b","Horizon Construction Company, Inc","horizonc.com","Cat3","N/A-Cat3","","","false","","","false","firmographic (ai_ark: electrical/data center construction, US/Mexico)","Firmographic fit: AI Ark company search matched industry [""electrical construction"",""data center construction""], employeeSize range 50-10,000, HQ United States/Mexico (excludes utilities, wholesale)","","","7ad58986-786e-45f2-a4ad-a1dd18daf329","2026-08-24T18:54:30.980438+00:00","2026-08-31T03:58:20.319+00:00"
"62c1dbae-b34b-46ca-a1c0-4a763841aa44","Horne Brothers Construction Inc.","blueridgepower.com","Cat3","N/A-Cat3","","","false","","","false","firmographic (ai_ark: electrical/data center construction, US/Mexico)","Firmographic fit: AI Ark company search matched industry [""electrical construction"",""data center construction""], employeeSize range 50-10,000, HQ United States/Mexico (excludes utilities, wholesale)","","","e15bf46e-03f4-464b-af42-9994abffea7d","2026-08-24T18:54:30.980438+00:00","2026-08-31T03:58:20.319+00:00"
"6452af6f-f87a-4ef9-9788-1c51cdd19760","Nappa Electrical Contractors","nappaelectric.com","Cat3","N/A-Cat3","","","false","","","false","firmographic (ai_ark: electrical/data center construction, US/Mexico)","Firmographic fit: AI Ark company search matched industry [""electrical construction"",""data center construction""], employeeSize range 50-10,000, HQ United States/Mexico (excludes utilities, wholesale)","","","e15bf46e-03f4-464b-af42-9994abffea7d","2026-08-24T18:54:30.980438+00:00","2026-08-31T03:58:20.319+00:00"
"1594d6e0-9c3d-44cd-a541-dbca4f85cb9a","Morton Electric, Inc.","mortonelectricinc.com","Cat3","N/A-Cat3","","","false","","","false","firmographic (ai_ark: electrical/data center construction, US/Mexico)","Firmographic fit: AI Ark company search matched industry [""electrical construction"",""data center construction""], employeeSize range 50-10,000, HQ United States/Mexico (excludes utilities, wholesale)","","","e15bf46e-03f4-464b-af42-9994abffea7d","2026-08-24T18:54:30.980438+00:00","2026-08-31T03:58:20.32+00:00"
"5ef745ed-4c41-4a35-b182-f3bc2d711018","Holmes Electric","hecowa.com","Cat3","N/A-Cat3","","","false","","","false","firmographic (icp-check WebSearch pass on cat3_tam net-new + wiza/hunter/icypeas waterfall)","ICP_VALID via WebSearch: US-based electrical/industrial contractor at qualifying commercial-industrial scale (data-center evidence explicit for Tier A; general industrial/commercial fit for Tier B) -- residential-only and non-US accounts excluded from this pull","","","7ad58986-786e-45f2-a4ad-a1dd18daf329","2026-08-24T18:54:30.980438+00:00","2026-08-31T03:58:20.32+00:00"
"0c5e8cac-5fb9-4694-aa6f-1226316d6ad3","Lawson Electric Co","lawsonelectric.com","Cat3","N/A-Cat3","","","false","","","false","firmographic (icp-check WebSearch pass on cat3_tam net-new + wiza/hunter/icypeas waterfall)","ICP_VALID via WebSearch: US-based electrical/industrial contractor at qualifying commercial-industrial scale (data-center evidence explicit for Tier A; general industrial/commercial fit for Tier B) -- residential-only and non-US accounts excluded from this pull","","","7ad58986-786e-45f2-a4ad-a1dd18daf329","2026-08-24T18:54:30.980438+00:00","2026-08-31T03:58:20.32+00:00"
"a1fcb212-e3d3-4ec5-b747-c3f157376589","JSET Automated Technologies LLC","jset.tech","Cat3","N/A-Cat3","","","false","","","false","firmographic (icp-check WebSearch pass on cat3_tam net-new + wiza/hunter/icypeas waterfall)","ICP_VALID via WebSearch: US-based electrical/industrial contractor at qualifying commercial-industrial scale (data-center evidence explicit for Tier A; general industrial/commercial fit for Tier B) -- residential-only and non-US accounts excluded from this pull","","","7ad58986-786e-45f2-a4ad-a1dd18daf329","2026-08-24T18:54:30.980438+00:00","2026-08-31T03:58:20.32+00:00"
"3a404ec1-65d8-4e35-8e9d-036f99734b95","Pieper-Houston Electric","pieperhouston.com","Cat3","N/A-Cat3","","","false","","","false","firmographic (icp-check WebSearch pass on cat3_tam net-new + wiza/hunter/icypeas waterfall)","ICP_VALID via WebSearch: US-based electrical/industrial contractor at qualifying commercial-industrial scale (data-center evidence explicit for Tier A; general industrial/commercial fit for Tier B) -- residential-only and non-US accounts excluded from this pull","","","7ad58986-786e-45f2-a4ad-a1dd18daf329","2026-08-24T18:54:30.980438+00:00","2026-08-31T03:58:20.32+00:00"
"70e5c560-9877-457c-a5f2-469e55052155","John Bouchard & Sons Co.","jbouchard.com","Cat3","N/A-Cat3","","","false","","","false","firmographic (icp-check WebSearch pass on cat3_tam net-new + wiza/hunter/icypeas waterfall)","ICP_VALID via WebSearch: US-based electrical/industrial contractor at qualifying commercial-industrial scale (data-center evidence explicit for Tier A; general industrial/commercial fit for Tier B) -- residential-only and non-US accounts excluded from this pull","","","e15bf46e-03f4-464b-af42-9994abffea7d","2026-08-24T18:54:30.980438+00:00","2026-08-31T03:58:20.32+00:00"
"bd48e6b4-f6b9-41d1-93a8-b5ab0dc781a5","Rosendin Electric","","Cat3","N/A-Cat3","","","false","","","false","","","","","e15bf46e-03f4-464b-af42-9994abffea7d","2026-08-24T18:54:30.980438+00:00","2026-08-31T03:58:20.319+00:00"
"c7550b74-1b9e-40ac-a431-d867b323c811","Sturgeon Electric Company, Inc.","sturgeonelectric.com","Cat3","N/A-Cat3","P2","","false","","","false","","","","","7ad58986-786e-45f2-a4ad-a1dd18daf329","2026-08-24T18:54:30.980438+00:00","2026-08-31T03:58:20.319+00:00"
"cb576237-9ceb-4f59-bf9c-f76f93675be1","Utility Lines Construction Services","ulcs-llc.com","Cat3","N/A-Cat3","P2","","false","","","false","","","","","7ad58986-786e-45f2-a4ad-a1dd18daf329","2026-08-24T18:54:30.980438+00:00","2026-08-31T03:58:20.319+00:00"
"57c97ce4-8e36-469e-aa78-eb6beaa76a01","Taft Electric Co","taftelectric.com","Cat3","N/A-Cat3","P2","","false","","","false","","","","","7ad58986-786e-45f2-a4ad-a1dd18daf329","2026-08-24T18:54:30.980438+00:00","2026-08-31T03:58:20.319+00:00"
"2c74ac88-8cf5-4013-9cd5-ce6bb8088aad","Summit Line Construction","summitlineconstruction.com","Cat3","N/A-Cat3","P2","","false","","","false","","","","","e15bf46e-03f4-464b-af42-9994abffea7d","2026-08-24T18:54:30.980438+00:00","2026-08-31T03:58:20.319+00:00"
"5306f9c8-2ddb-4b90-ac23-172c3a5c024c","The ProLift Rigging Company","proliftrigging.com","Cat3","N/A-Cat3","","","false","","","false","capacity_expansion","ProLift Rigging opened a new 166,000 sq ft climate-controlled + 87,200 sq ft outdoor storage facility in Atlanta, explicitly to support the region's mission-critical (data center) construction boom","https://www.prnewswire.com/news-releases/the-prolift-rigging-company-expands-atlanta-operations-with-new-industrial-storage-facility-302712868.html","2026-03-12","7ad58986-786e-45f2-a4ad-a1dd18daf329","2026-08-24T18:54:30.980438+00:00","2026-08-31T03:58:20.319+00:00"
"87c4767a-7502-4283-9bbe-ea5fcfbe04d4","Sunland Construction, Inc. and Affiliates","sunlandconstruction.com","Cat3","N/A-Cat3","","","false","","","false","firmographic (ai_ark: electrical/data center construction, US/Mexico)","Firmographic fit: AI Ark company search matched industry [""electrical construction"",""data center construction""], employeeSize range 50-10,000, HQ United States/Mexico (excludes utilities, wholesale)","","","7ad58986-786e-45f2-a4ad-a1dd18daf329","2026-08-24T18:54:30.980438+00:00","2026-08-31T03:58:20.319+00:00"
"a8e2f4c5-9c4a-462b-9410-78ab67b0bb44","Strada Services","stradaservices.com","Cat3","N/A-Cat3","","","false","","","false","firmographic (ai_ark: electrical/data center construction, US/Mexico)","Firmographic fit: AI Ark company search matched industry [""electrical construction"",""data center construction""], employeeSize range 50-10,000, HQ United States/Mexico (excludes utilities, wholesale)","","","7ad58986-786e-45f2-a4ad-a1dd18daf329","2026-08-24T18:54:30.980438+00:00","2026-08-31T03:58:20.319+00:00"
"c9471f3d-411e-4387-8cdc-ee36ef57ebaa","TCE","tcelect.net","Cat3","N/A-Cat3","","","false","","","false","firmographic (ai_ark: electrical/data center construction, US/Mexico)","Firmographic fit: AI Ark company search matched industry [""electrical construction"",""data center construction""], employeeSize range 50-10,000, HQ United States/Mexico (excludes utilities, wholesale)","","","e15bf46e-03f4-464b-af42-9994abffea7d","2026-08-24T18:54:30.980438+00:00","2026-08-31T03:58:20.319+00:00"
"f11dabb3-80cb-4161-9d38-f49fda89b967","Quality Electric Inc.","qeidaho.com","Cat3","N/A-Cat3","","","false","","","false","firmographic (ai_ark: electrical/data center construction, US/Mexico)","Firmographic fit: AI Ark company search matched industry [""electrical construction"",""data center construction""], employeeSize range 50-10,000, HQ United States/Mexico (excludes utilities, wholesale)","","","e15bf46e-03f4-464b-af42-9994abffea7d","2026-08-24T18:54:30.980438+00:00","2026-08-31T03:58:20.319+00:00"
"ae7fac80-24c2-44e7-9298-0c5c979609a4","Van Ert Electric Company, Inc. (Electrical Contractor, Telecommunications, HVAC, Arc Flash)","vanert.com","Cat3","N/A-Cat3","","","false","","","false","firmographic (ai_ark: electrical/data center construction, US/Mexico)","Firmographic fit: AI Ark company search matched industry [""electrical construction"",""data center construction""], employeeSize range 50-10,000, HQ United States/Mexico (excludes utilities, wholesale)","","","e15bf46e-03f4-464b-af42-9994abffea7d","2026-08-24T18:54:30.980438+00:00","2026-08-31T03:58:20.319+00:00"
"794dd739-586d-4917-8f37-627c074e8f21","Switch Electric | A LOENBRO Company","switchelectric.com","Cat3","N/A-Cat3","","","false","","","false","firmographic (ai_ark: electrical/data center construction, US/Mexico)","Firmographic fit: AI Ark company search matched industry [""electrical construction"",""data center construction""], employeeSize range 50-10,000, HQ United States/Mexico (excludes utilities, wholesale)","","","e15bf46e-03f4-464b-af42-9994abffea7d","2026-08-24T18:54:30.980438+00:00","2026-08-31T03:58:20.319+00:00"
"71442408-3624-4073-af15-b956ea5ba32f","Southeast Power Corporation","southeastpower.com","Cat3","N/A-Cat3","","","false","","","false","firmographic (ai_ark: electrical/data center construction, US/Mexico)","Firmographic fit: AI Ark company search matched industry [""electrical construction"",""data center construction""], employeeSize range 50-10,000, HQ United States/Mexico (excludes utilities, wholesale)","","","7ad58986-786e-45f2-a4ad-a1dd18daf329","2026-08-24T18:54:30.980438+00:00","2026-08-31T03:58:20.319+00:00"
"4c966f2a-9d57-4578-9aef-2bbeacfae371","RPE Contracting","rpecontracting.com","Cat3","N/A-Cat3","","","false","","","false","firmographic (ai_ark: electrical/data center construction, US/Mexico)","Firmographic fit: AI Ark company search matched industry [""electrical construction"",""data center construction""], employeeSize range 50-10,000, HQ United States/Mexico (excludes utilities, wholesale)","","","7ad58986-786e-45f2-a4ad-a1dd18daf329","2026-08-24T18:54:30.980438+00:00","2026-08-31T03:58:20.319+00:00"
"42b66c01-70cb-475d-96f2-ea592d7bc97d","Settle Muter Electric","settlemuter.com","Cat3","N/A-Cat3","","","false","","","false","firmographic (ai_ark: electrical/data center construction, US/Mexico)","Firmographic fit: AI Ark company search matched industry [""electrical construction"",""data center construction""], employeeSize range 50-10,000, HQ United States/Mexico (excludes utilities, wholesale)","","","e15bf46e-03f4-464b-af42-9994abffea7d","2026-08-24T18:54:30.980438+00:00","2026-08-31T03:58:20.319+00:00"
"288ef850-d1df-4e28-84a5-75ad57ecf088","Worldwide Mission Critical","worldwidemissioncritical.com","Cat3","N/A-Cat3","","","false","","","false","firmographic (ai_ark: electrical/data center construction, US/Mexico)","Firmographic fit: AI Ark company search matched industry [""electrical construction"",""data center construction""], employeeSize range 50-10,000, HQ United States/Mexico (excludes utilities, wholesale)","","","7ad58986-786e-45f2-a4ad-a1dd18daf329","2026-08-24T18:54:30.980438+00:00","2026-08-31T03:58:20.32+00:00"
"f3471fee-6ec9-4fae-907a-2a3c0f79edad","Staco Electric Construction Co","stacoelectric.com","Cat3","N/A-Cat3","","","false","","","false","firmographic (ai_ark: electrical/data center construction, US/Mexico)","Firmographic fit: AI Ark company search matched industry [""electrical construction"",""data center construction""], employeeSize range 50-10,000, HQ United States/Mexico (excludes utilities, wholesale)","","","e15bf46e-03f4-464b-af42-9994abffea7d","2026-08-24T18:54:30.980438+00:00","2026-08-31T03:58:20.32+00:00"
"b86ec7fd-0a43-48f3-a77e-bdcf6ce63ff4","Strategic Mechanical, Inc.","strategicmechanical.com","Cat3","N/A-Cat3","","","false","","","false","firmographic (ai_ark: electrical/data center construction, US/Mexico)","Firmographic fit: AI Ark company search matched industry [""electrical construction"",""data center construction""], employeeSize range 50-10,000, HQ United States/Mexico (excludes utilities, wholesale)","","","e15bf46e-03f4-464b-af42-9994abffea7d","2026-08-24T18:54:30.980438+00:00","2026-08-31T03:58:20.32+00:00"
"6fff8f0a-6990-467a-b785-42d8a4068a61","United Electric Company, Inc.","unitedelec.com","Cat3","N/A-Cat3","","","false","","","false","firmographic (icp-check WebSearch pass on cat3_tam net-new + wiza/hunter/icypeas waterfall)","ICP_VALID via WebSearch: US-based electrical/industrial contractor at qualifying commercial-industrial scale (data-center evidence explicit for Tier A; general industrial/commercial fit for Tier B) -- residential-only and non-US accounts excluded from this pull","","","e15bf46e-03f4-464b-af42-9994abffea7d","2026-08-24T18:54:30.980438+00:00","2026-08-31T03:58:20.32+00:00"
"9f51793e-cb42-45ce-b6c2-b7c3b4d7aa6b","RCD Inc. Electrical Services","rcdelectric.com","Cat3","N/A-Cat3","","","false","","","false","firmographic (icp-check WebSearch pass on cat3_tam net-new + wiza/hunter/icypeas waterfall)","ICP_VALID via WebSearch: US-based electrical/industrial contractor at qualifying commercial-industrial scale (data-center evidence explicit for Tier A; general industrial/commercial fit for Tier B) -- residential-only and non-US accounts excluded from this pull","","","7ad58986-786e-45f2-a4ad-a1dd18daf329","2026-08-24T18:54:30.980438+00:00","2026-08-31T03:58:20.32+00:00"
"f21b01df-0356-4869-a26d-bf0c21e5d077","ARC Clean Technology","arc-cleantech.com","Cat4","4C","P1","Aldahir","false","","tier_1","true","funding","ARC Clean Technology closed a $15M Series B financing round to accelerate commercial deployment of its ARC-100 advanced small modular nuclear reactor","https://www.24-7pressrelease.com/press-release/529889/arc-clean-technology-announces-closing-of-series-b-financing-to-accelerate-commercial-deployment-of-its-advanced-small-modular-nuclear-reactor","2025-12-16","7ad58986-786e-45f2-a4ad-a1dd18daf329","2026-08-24T18:54:30.980438+00:00","2026-08-31T03:58:20.318+00:00"
"736340a2-0ba6-427b-8911-e6be421e3df4","American Products","amprod.us","Cat4","4B","P1","Aldahir","false","","tier_1","true","capacity_expansion","American Products (Strafford, MO, enclosure manufacturer since 1989/2002 at this site) announced plans to expand and add 95 jobs to the area; recently grew via acquisitions of Simmtech Process Engineering and Watson Metal Masters; maintains a dedicated AP Data Center Enclosure product line for hyperscale/AI data center fiber management.","https://www.springfieldregion.com/american-products-announces-plans-to-expand-add-95-jobs-to-the-area/","2026 (exact date not independently pinned beyond the press release itself)","7ad58986-786e-45f2-a4ad-a1dd18daf329","2026-08-24T18:54:30.980438+00:00","2026-08-31T03:58:20.318+00:00"
"ee903c22-5d01-4e56-bb86-2e5ed587a7d6","Ayr Energy","ayr.energy","Cat4","4C","P1","Aldahir","false","","tier_2","true","funding","Emerged from stealth Sept 2025 with $250M+ in contracted orders (10GW+); by mid-2026 surpassed $500M in contracted orders (20GW+) for power transformers, distribution transformers, and MV switchgear/circuit breakers","https://www.globenewswire.com/news-release/2025/09/03/3143667/0/en/Power-Grid-Equipment-Developer-Ayr-Energy-Emerges-From-Stealth-With-More-Than-a-Quarter-Billion-Dollars-in-Contracted-Orders.html","2025-09","7ad58986-786e-45f2-a4ad-a1dd18daf329","2026-08-24T18:54:30.980438+00:00","2026-08-31T03:58:20.318+00:00"
"aa4a932d-d1b5-4898-8738-b7654dba137c","CORE Transformers","coretransformers.com","Cat4","4C","P1","Aldahir","false","","tier_1","true","funding","Emerald Lake Capital Management made a majority equity investment in CORE Transformers (Seneca, SC) to build a North American transformer platform serving data center, industrial, and renewable energy customers","https://www.prnewswire.com/news-releases/emerald-lake-capital-management-invests-in-core-transformers-302567697.html","2025-09","7ad58986-786e-45f2-a4ad-a1dd18daf329","2026-08-24T18:54:30.980438+00:00","2026-08-31T03:58:20.318+00:00"
"bb45d56d-6467-43c6-a970-3f8613f2d00e","CEL Critical Power","cel-criticalpower.com","Cat4","4B","P1","Aldahir","false","","tier_1","true","capacity_expansion","CEL Critical Power (Dublin-based) opened its first US manufacturing facility in Williamsburg / James City County, VA -- a 400,000 sqft, $40M plant operational since June 2026, producing low-voltage PDUs, switchgear, and Remote Power Panels for data center customers; jobs growing from 250 to 500 by 2030","https://www.jamescitycountyva.gov/CivicAlerts.aspx?AID=6560","2026-06","7ad58986-786e-45f2-a4ad-a1dd18daf329","2026-08-24T18:54:30.980438+00:00","2026-08-31T03:58:20.318+00:00"
"d6f41d7c-394f-4436-9960-a4d1f29cdcad","Central Moloney","webuildpower.com","Cat4","4B","P1","Aldahir","false","","tier_1","true","capacity_expansion","Central Moloney (transformer and transformer-components manufacturer, Pine Bluff AR) built two new Florida plants -- 140,000 sqft in Panama City (Bay County, 2022) and 302,000 sqft in Crestview (Okaloosa County, more recent) -- creating 550 combined jobs","https://www.oneokaloosa.org/news-item/leading-transformer-manufacturer-central-moloney-inc-selects-okaloosa-county-florida-for-new-manufacturing-facility/","2026","7ad58986-786e-45f2-a4ad-a1dd18daf329","2026-08-24T18:54:30.980438+00:00","2026-08-31T03:58:20.319+00:00"
"fe5c4b2e-66da-456a-893c-27eaed65b365","Dragonfly Energy","dragonflyenergy.com","Cat4","","","Aldahir","true","Excluded at ICP (Step 1), never reached the signal branch: real, fresh funding signal ($527K Nevada Tech Hub grant, awarded 2026-05, for battery R&D/manufacturing) but no verifiable data-center connection found -- product focus is RV/trucking/industrial batteries. Category-4 for this pipeline requires data-center-relevant equipment; a real signal on a company outside that scope doesn't get a NO_SIGNAL row, it gets excluded here, same as any cascade-sourced candidate that fails ICP for the same reason.","","false","","","","","7ad58986-786e-45f2-a4ad-a1dd18daf329","2026-08-24T18:54:30.980438+00:00","2026-08-31T03:58:20.319+00:00"
"cbb6589f-2465-4a79-a2f2-00ea2edd901b","Continental Battery Systems","continentalbattery.com","Cat4","","","Aldahir","true","Excluded at ICP -- verified via WebSearch this run (not eyeballed): confirmed distributor, not manufacturer. Continental transitioned from manufacturing (Continental Battery Manufacturing Corp, founded 1932) to pure distribution decades ago; today it is 'the largest independent battery distributor in the U.S.' with 200+ branches, distributing product from OEMs like Trojan Battery rather than fabricating anything itself. Fails Category-4's OEM/manufacturer requirement, not a signal question.","","false","","","","","7ad58986-786e-45f2-a4ad-a1dd18daf329","2026-08-24T18:54:30.980438+00:00","2026-08-31T03:58:20.319+00:00"
"893a5acd-3b3a-47f9-8b88-948ca85562b4","Avangrid Renewables","avangridren.com","Cat4","","","Aldahir","true","Excluded at ICP -- same failure mode as Recurrent Energy: Avangrid Renewables (Iberdrola subsidiary) is a utility-scale renewable generation/storage asset developer and operator, not an equipment manufacturer. Fails Category-4's OEM requirement.","","false","","","","","7ad58986-786e-45f2-a4ad-a1dd18daf329","2026-08-24T18:54:30.980438+00:00","2026-08-31T03:58:20.319+00:00"
"962947e9-48d8-44f7-a96e-a5799222f22b","Atlas Renewable Energy","atlasrenewableenergy.com","Cat4","","","Aldahir","true","Excluded at ICP -- same failure mode as the other developers above, plus a geographic-fit problem: Atlas Renewable Energy develops solar/storage projects primarily in Latin America, not a US-focused OEM manufacturer. Fails Category-4's OEM requirement.","","false","","","","","7ad58986-786e-45f2-a4ad-a1dd18daf329","2026-08-24T18:54:30.980438+00:00","2026-08-31T03:58:20.319+00:00"
"1773e1e3-3b13-4bfc-8f41-5b741417657f","DG Matrix","dgmatrix.com","Cat4","4C","P1","Aldahir","false","","","true","funding","$60M Series A (Feb 2026, backed by Engine Ventures, Mitsubishi Heavy Industries, ABB) to scale its solid-state transformer; NC factory scaling to full production capacity by July 2026","https://www.datacenterdynamics.com/en/news/dg-matrix-raises-60m-to-scale-solid-state-transformer-for-data-center-market/","2026-02","7ad58986-786e-45f2-a4ad-a1dd18daf329","2026-08-24T18:54:30.980438+00:00","2026-09-01T17:43:57.823+00:00"
"cce5da96-b56b-4e1a-a60d-068bc75fc08c","Ford Energy","fordenergy.com","Cat4","4B","P1","Aldahir","false","","tier_1","true","capacity_expansion","Ford Motor Co. launched Ford Energy subsidiary to build US-assembled grid-scale battery storage (20 GWh/year target) at a repurposed former BlueOval SK EV battery plant in Glendale, KY; ~$2B committed, first deliveries late 2027","https://electrek.co/2026/05/11/ford-energy-launches-battery-storage-subsidiary-20gwh-bess/","2026-05-11","7ad58986-786e-45f2-a4ad-a1dd18daf329","2026-08-24T18:54:30.980438+00:00","2026-08-31T03:58:20.318+00:00"
"70f422cd-be1a-4947-9aa2-7e4febe7613e","Form Energy","formenergy.com","Cat4","4C","P1","Aldahir","false","","tier_1","true","capacity_expansion","Google committed approximately $1B for a Form Energy 300MW/30GWh iron-air battery system (100-hour duration) to support a new Google data center in Pine Island, MN -- the largest such deal announced globally","https://techstartups.com/2026/02/26/form-energy-lands-1b-google-deal-for-100-hour-iron-air-battery-eyes-ipo/","2026-02-26","7ad58986-786e-45f2-a4ad-a1dd18daf329","2026-08-24T18:54:30.980438+00:00","2026-09-01T17:43:57.823+00:00"
"7e778a52-ad92-41c5-9e81-def88434a1e3","Exowatt","exowatt.com","Cat4","4C","P1","Aldahir","false","","tier_1","true","funding","Exowatt raised $50M in additional funding (Nov 2025, total $105M+) to expand US manufacturing of its P3 modular thermal-battery system and accelerate AI data center deployments; announced 4 strategic executive hires in Feb 2026 focused on hyperscale data center development, amid a 90+ GWh demand backlog.","https://www.exowatt.com/blog/50m-in-additional-funding-to-accelerate-u-s-dispatchable-solar-for-the-ai-era","2025-11","7ad58986-786e-45f2-a4ad-a1dd18daf329","2026-08-24T18:54:30.980438+00:00","2026-09-01T17:43:57.823+00:00"
"aff84d0c-8ea1-445e-b45e-25ca5cd2533d","EPC Power","epcpower.com","Cat4","4B","P1","Aldahir","false","","tier_2","true","capacity_expansion","EPC Power opened a new manufacturing facility in Fountain Inn, SC, adding 27GW of annual power-conversion-system capacity (scalable to 40GW) to meet surging AI data center demand","https://www.prnewswire.com/news-releases/epc-power-expands-us-manufacturing-to-meet-surging-demand-for-ai-data-center-power-302825669.html","2026-07-15","7ad58986-786e-45f2-a4ad-a1dd18daf329","2026-08-24T18:54:30.980438+00:00","2026-08-31T03:58:20.318+00:00"
"9a59c587-eef3-415a-b3ff-43187b40f03d","ESS Tech, Inc. (NYSE: GWH)","essinc.com","Cat4","4B","P1","Aldahir","false","","tier_1","true","capacity_expansion","ESS Tech (NYSE: GWH) launched Bridge, a new modular sodium-ion BESS explicitly targeted at grid-scale, AI data center, and commercial customers -- its first move into sodium-ion after focusing solely on iron flow batteries, following over $1B in early-stage customer interest since its sodium-ion market entry.","https://www.ess-news.com/2026/07/09/ess-tech-introduces-sodium-ion-battery-for-data-centers-other-commercial-users/","2026-07-08","7ad58986-786e-45f2-a4ad-a1dd18daf329","2026-08-24T18:54:30.980438+00:00","2026-08-31T03:58:20.318+00:00"
"f42bd6bd-9f5e-4d6c-8e67-406a9f4cfbec","Giga Energy","gigaenergy.com","Cat4","4B","P1","Aldahir","false","","tier_1","true","capacity_expansion","Opened a new 60,000 sqft medium-voltage transformer manufacturing facility in Houston TX, scaling to 3,000+ units/year","https://www.prnewswire.com/news-releases/giga-energy-announces-new-houston-manufacturing-facility-to-expand-us-transformer-production-to-power-ai-infrastructure-302643008.html","2026-07","7ad58986-786e-45f2-a4ad-a1dd18daf329","2026-08-24T18:54:30.980438+00:00","2026-08-31T03:58:20.318+00:00"
"cfb614a5-0123-42e2-a4e2-bd3bbf210aba","Forgent Power Solutions","forgentpower.com","Cat4","","","Aldahir","true","Already tracked -- confirmed via WebSearch that Forgent Power Solutions became the parent brand (2023, IPO Feb 2026 as NYSE: FPS) for MGM Transformers, PwrQ, States Manufacturing and VanTran. MGM Transformers / VanTran already has a row in this tracker from an earlier batch. Same underlying corporate entity -- does not count as a new discovery. Logged here so a future run's dedup check catches this by account_name/domain even though the parent brand postdates the earlier MGM Transformers / VanTran entry.","","false","","","","","7ad58986-786e-45f2-a4ad-a1dd18daf329","2026-08-24T18:54:30.980438+00:00","2026-08-31T03:58:20.318+00:00"
"ef2f7a99-3907-4a24-98d6-4fff4af2921a","EnerVenue","enervenue.com","Cat4","4C","P1","Aldahir","false","","tier_1","true","funding","Closed a $300M Series B to scale its 30,000-cycle nickel-hydrogen battery manufacturing, including a new 1M sqft gigafactory in Shelby County, Kentucky (450 jobs, phase one) alongside its existing Fremont, CA facility","https://www.energy-storage.news/enervenue-closes-us300-million-series-b-for-30000-cycle-nickel-hydrogen-battery-manufacturing/","2026","7ad58986-786e-45f2-a4ad-a1dd18daf329","2026-08-24T18:54:30.980438+00:00","2026-08-31T03:58:20.319+00:00"
"be741659-00b5-4db4-bfbe-8b1951125284","Federal Pacific","federalpacific.com","Cat4","4B","P1","Aldahir","false","","","true","funding","Acquired by Oaktree (Power Opportunities strategy) in partnership with management, 2024 -- stale funding signal (~2 years) but the account's data center traction is fresh (largest-ever single order, from Bloom Energy, announced May 2026)","https://www.oaktreecapital.com/strategies/power-opportunities","2024","7ad58986-786e-45f2-a4ad-a1dd18daf329","2026-08-24T18:54:30.980438+00:00","2026-08-31T03:58:20.319+00:00"
"049b9af1-d9d2-4e98-b18a-3fc49f85a4c0","Electrified Thermal Solutions","electrifiedthermal.com","Cat4","4C","P1","Aldahir","false","","tier_1","true","funding","Raised $24.3M to date; opened a new headquarters and E-Brick production facility in Medford, MA (Boston area) in March 2026, hired a manufacturing veteran (VP of Manufacturing) to scale to 500+ MWh/year of Joule Hive Thermal Battery deployments","https://www.prnewswire.com/news-releases/electrified-thermal-launches-new-headquarters-e-brick-production-facility-and-hires-manufacturing-veteran-302724211.html","2026-03","7ad58986-786e-45f2-a4ad-a1dd18daf329","2026-08-24T18:54:30.980438+00:00","2026-08-31T03:58:20.319+00:00"
"0c8db18a-2c87-4a3f-aaed-491573151574","EcoFlow","ecoflow.com","Cat4","","","Aldahir","true","Excluded at ICP -- established public-record business model: EcoFlow makes consumer-grade portable power stations (B2C electronics), not industrial or grid/data-center-scale storage equipment. Wrong product category and wrong buyer type entirely for this pipeline.","","false","","","","","7ad58986-786e-45f2-a4ad-a1dd18daf329","2026-08-24T18:54:30.980438+00:00","2026-08-31T03:58:20.319+00:00"
"d07c9e6e-1660-46ca-b67a-2005ddf4c033","Ecobat","ecobatbattery.com","Cat4","","","Aldahir","true","Excluded at ICP -- established public-record business model: Ecobat is primarily a battery recycler and secondary lead smelter/distributor at industrial scale, not an OEM manufacturer of storage equipment for data centers. Fails Category-4's OEM requirement.","","false","","","","","7ad58986-786e-45f2-a4ad-a1dd18daf329","2026-08-24T18:54:30.980438+00:00","2026-08-31T03:58:20.319+00:00"
"4e9263c0-f36e-4643-b84c-b919b7d31bb9","JST Power Equipment","jstpower.com","Cat4","4B","P1","Aldahir","false","","tier_1","true","capacity_expansion","JST Power Equipment formally opened its Wytheville, VA padmount transformer manufacturing facility (initially opened 2025-03-13) explicitly to support power for utilities and data center demand","https://www.businesswire.com/news/home/20260519751615/en/JST-Power-Equipment-Opens-Virginia-Transformer-Manufacturing-Facility-to-Support-Power-for-Utilities-and-Data-Center-Demand","2026-05-19","7ad58986-786e-45f2-a4ad-a1dd18daf329","2026-08-24T18:54:30.980438+00:00","2026-08-31T03:58:20.318+00:00"
"7d0a1009-4e83-42c1-b6c2-330f7686f107","HD Hyundai Power Transformers USA","hhiamerica.com","Cat4","4B","P1","Aldahir","false","","tier_1","true","capacity_expansion","HD Hyundai Power Transformers USA broke ground on a $200M second-plant expansion in Montgomery, AL to manufacture larger extra-high-voltage transformer units in the US, adding 200 jobs, opening mid-2027","https://www.prnewswire.com/news-releases/hd-hyundai-electric-expands-us-production-subsidiary-solidifies-leadership-in-north-american-extra-high-voltage-power-transformer-market-302707507.html","2026-03-06","7ad58986-786e-45f2-a4ad-a1dd18daf329","2026-08-24T18:54:30.980438+00:00","2026-08-31T03:58:20.318+00:00"
"f1eb6bc9-0c4a-49e3-ad77-691645fa4120","INNIO","innio.com","Cat4","4B","P1","Aldahir","false","","tier_1","true","capacity_expansion","INNIO (gas-engine/genset manufacturer, formerly GE Jenbacher/Waukesha) priced its upsized $2.43B NASDAQ IPO and highlighted newly launched dedicated containerized packaging centers in Trenton, NJ (93,000 sq ft) and Waller, TX (65,000 sq ft) built specifically for rapid data center power deployment, backed by a 2.8x book-to-bill ratio and $4.78B backlog","https://www.businesswire.com/news/home/20260603978417/en/INNIO-Announces-Pricing-of-Upsized-Initial-Public-Offering","2026-06-04","7ad58986-786e-45f2-a4ad-a1dd18daf329","2026-08-24T18:54:30.980438+00:00","2026-08-31T03:58:20.318+00:00"
"b078a6d4-9d74-4ce1-bebb-b9c51f4fec97","Industrial Electric Mfg. (IEM)","iemfg.com","Cat4","4B","P1","Aldahir","false","","tier_1","true","capacity_expansion","Industrial Electric Mfg. (IEM), a 1955-founded power distribution/switchgear manufacturer (Fremont, CA), is seeking $200M in incentives to build a 500,000 sq ft, ~2,960-job facility at Brooks City Base in San Antonio, TX; Bexar County commissioners approved negotiations 2026-01-21.","https://www.bexar.org/DocumentCenter/View/52245/Press-Release_-Economic-Development-Incentive-Agreement-IEM","2026-01-21","7ad58986-786e-45f2-a4ad-a1dd18daf329","2026-08-24T18:54:30.980438+00:00","2026-08-31T03:58:20.319+00:00"
"01c048de-d326-4dbb-a090-042181a24591","Hitachi Energy","hitachienergy.com","Cat4","4A","P2","Aldahir","false","","","false","capacity_expansion","$457M transformer factory groundbreaking in South Boston VA, 825 new jobs, positioning as largest US large-power-transformer manufacturer","https://www.yourgv.com/business/local_business/hitachi-breaks-ground-on-new-456m-transformer-factory-largest-in-the-nation-set-to-bring/article_4928c6e9-f9de-48e9-bf63-b3739ac94b5b.html","2026-06-29","7ad58986-786e-45f2-a4ad-a1dd18daf329","2026-08-24T18:54:30.980438+00:00","2026-09-01T17:43:57.824+00:00"
"9336d8d4-c47c-47a1-9bd5-3ca5e8afb7c0","Nostromo Energy","nostromo.energy","Cat4","4C","P1","Aldahir","false","","tier_1","true","funding","Secured a $305M conditional loan commitment from the US Department of Energy (LPO) to scale its IceBrick ice-based thermal energy storage system for large buildings and data centers in California; core storage cells fabricated by contractors in Texas, Iowa, and California","https://www.prnewswire.com/news-releases/nostromo-energy-secures-305-million-conditional-commitment-from-us-department-of-energy-to-cut-climate-impact-and-costs-of-cooling-in-large-california-buildings-302326710.html","2026","7ad58986-786e-45f2-a4ad-a1dd18daf329","2026-08-24T18:54:30.980438+00:00","2026-08-31T03:58:20.319+00:00"
"b5f2f5df-554f-4f0a-acad-79db9175e0db","Hollingsworth & Vose","hollingsworth-vose.com","Cat4","4B","P1","Aldahir","false","","","true","","","","","7ad58986-786e-45f2-a4ad-a1dd18daf329","2026-08-24T18:54:30.980438+00:00","2026-08-31T03:58:20.319+00:00"
"248ff342-c939-43cb-835f-fc250eff9767","National Power Corporation","nationalpower.com","Cat4","","","Aldahir","true","Excluded at ICP -- verified via WebSearch this run (not eyeballed): a real manufacturer, but wrong product category/market. National Power designs and assembles custom battery PACKS (small-format) for medical devices, instrumentation, test/measurement equipment, and security/communications gear -- not grid-scale or data-center energy storage, and not equipment that would need Prima's structural steel fabrication (small electronic assemblies, not tanks/casings/containment at scale). SIC 3691 / NAICS 335 confirmed, but the product line itself is out of Category-4 scope for this pipeline.","","false","","","","","7ad58986-786e-45f2-a4ad-a1dd18daf329","2026-08-24T18:54:30.980438+00:00","2026-08-31T03:58:20.319+00:00"
"653f9a67-dbd5-4b6e-9ab6-4cfef9d0e60b","iTECH","itecheng.com","Cat4","","","Aldahir","true","Excluded at ICP -- verified via WebSearch this run (not eyeballed): same failure mode as National Power Corporation. iTECH designs/manufactures batteries, chargers, and docking stations for medical devices, handheld electronics, security, and mobile communications -- portable/small-format products, not grid-scale or data-center energy storage. Out of Category-4 scope for this pipeline regardless of being a genuine manufacturer.","","false","","","","","7ad58986-786e-45f2-a4ad-a1dd18daf329","2026-08-24T18:54:30.980438+00:00","2026-08-31T03:58:20.319+00:00"
"83c84bff-4a75-45e8-855e-1ecc2aa949eb","LS Power","lspower.com","Cat4","","","Aldahir","true","Excluded at ICP -- same failure mode: LS Power is a power infrastructure investor/developer/operator, not an equipment manufacturer. Fails Category-4's OEM requirement.","","false","","","","","7ad58986-786e-45f2-a4ad-a1dd18daf329","2026-08-24T18:54:30.980438+00:00","2026-08-31T03:58:20.319+00:00"
"195a61d5-bde1-4b5d-949c-27dcb0240912","Ocean Power Technologies","oceanpowertechnologies.com","Cat4","","","Aldahir","true","Excluded at ICP -- Ocean Power Technologies makes wave-energy generation buoys (PowerBuoy), a generation technology, not battery/storage equipment for data centers. Wrong product category entirely.","","false","","","","","7ad58986-786e-45f2-a4ad-a1dd18daf329","2026-08-24T18:54:30.980438+00:00","2026-08-31T03:58:20.319+00:00"
"38acb0cc-549d-4fca-9a2a-a689adff08e2","Nebius","nebius.com","Cat1","N/A-Cat1","P1","","false","","","false","capacity_expansion","Broke ground on first US gigawatt-scale AI factory campus in Independence, MO (up to 1.2GW, ~400 acres)","https://nebius.com/newsroom/nebius-breaks-ground-on-gigawatt-scale-ai-factory-in-independence-missouri","2026-05-12","5bb4cb38-b996-4d06-a0ba-ccba13aa7762","2026-08-24T18:54:30.980438+00:00","2026-08-31T03:58:20.319+00:00"
"d7d61a2c-4d17-418d-a247-9743a631cbd9","Prolec GE","prolec.energy","Cat4","4B","P1","Aldahir","false","","tier_2","true","capacity_expansion","Prolec GE (GE Vernova + Xignux JV) announced $140M investment to double medium-power transformer production at its Goldsboro, NC facility (part of $300M+ North American expansion), adding 330+ jobs","https://www.prolec.energy/news/prolec-ge-invests-an-additional-140-million-in-the-u-s-to-support-north-american-electric-grid-goals/","2025-05-14","7ad58986-786e-45f2-a4ad-a1dd18daf329","2026-08-24T18:54:30.980438+00:00","2026-08-31T03:58:20.319+00:00"
"9999e1e3-5a05-415b-9d93-a0b7f5ef1b64","Panasonic (data center battery business)","panasonic.com","Cat4","4B","P1","Aldahir","false","","tier_2","true","capacity_expansion","Panasonic announced a $2B (JPY350B) investment to expand battery manufacturing for AI data center demand, including a new data-center production line at its Kansas cell facility and a 2nd/3rd battery-module manufacturing site in Mexico","https://pv-magazine-usa.com/2026/06/08/panasonic-to-invest-2-billion-in-data-center-battery-push-ramp-up-u-s-manufacturing/","2026-06-08","7ad58986-786e-45f2-a4ad-a1dd18daf329","2026-08-24T18:54:30.980438+00:00","2026-08-31T03:58:20.318+00:00"
"6c0eee3b-db04-4550-9e1e-53c35176e53a","PCX Corporation","pcxcorp.com","Cat4","4B","P1","Aldahir","false","","tier_1","true","capacity_expansion","PCX Corp opened a new 159,600 sq ft manufacturing facility in Knightdale, NC (Research Triangle) to expand production of large electrical/mechanical skids, IT systems, and enclosure systems for its data center client base; plans to double the facility's initial 75-person workforce.","https://info.pcxcorp.com/news/pcx-announces-grand-opening-of-knightdale-manufacturing-facility","2026","7ad58986-786e-45f2-a4ad-a1dd18daf329","2026-08-24T18:54:30.980438+00:00","2026-08-31T03:58:20.319+00:00"
"c1e010c3-56a3-44a4-952d-27c7e88aa366","Sparkstone Electrical Group (SEG)","sparkstone.com","Cat4","4A","P2","Aldahir","false","","tier_1","false","capacity_expansion","Sparkstone Electrical Group (SEG) launched as a unified brand in August 2025, combining four established North American electrical equipment manufacturers (Chicago Switchboard, CES Industrial, IER, Park -- roots dating to 1936) into one platform explicitly targeting faster lead times for custom switchgear/panelboards serving data centers.","https://sparkstone.com/sparkstone-electrical-group-unites-four-industry-leaders-to-redefine-speed-in-power-distribution","2025-08","7ad58986-786e-45f2-a4ad-a1dd18daf329","2026-08-24T18:54:30.980438+00:00","2026-08-31T03:58:20.318+00:00"
"deb23f99-c966-4ae7-affe-b345a249e037","Pennsylvania Transformer Technology (PTT)","patransformer.com","Cat4","4B","P1","Aldahir","false","","tier_1","true","capacity_expansion","$102.5M expansion building a new 150,000 sqft pad-mounted distribution transformer facility in Hoke County (Raeford) NC, adding 217 jobs; completion targeted Q4 2026, first shipments early 2027","https://www.tdworld.com/transmission-reliability/news/55269071/governor-of-north-carolina-announces-1025-million-expansion-for-pennsylvania-transformer-technology-in-city-of-raeford","2025-12","7ad58986-786e-45f2-a4ad-a1dd18daf329","2026-08-24T18:54:30.980438+00:00","2026-08-31T03:58:20.319+00:00"
"56a5ce2b-a181-4546-b45e-46c709fb1f82","PowerFlo Solutions","powerfloltd.com","Cat4","4C","P1","Aldahir","false","","tier_1","true","capacity_expansion","$20M investment to establish manufacturing operations at the former Hino Motors site in Williamstown, WV (Wood County), creating up to 200 jobs; manufactures PDUs, static transfer switches, dry-type transformers, and custom control panels for data centers and AI infrastructure","https://governor.wv.gov/article/governor-morrisey-announces-powerflo-expansion-wood-county","2026-07","7ad58986-786e-45f2-a4ad-a1dd18daf329","2026-08-24T18:54:30.980438+00:00","2026-08-31T03:58:20.318+00:00"
"b9773567-d9bc-49b5-b6c8-54e459fbd00c","Pioneer Custom Electrical Products","pioneercep.com","Cat4","4B","P1","Aldahir","false","","","true","capacity_expansion","Operating subsidiary of the Voltaris platform (see that account's row); evaluated separately here on the same precedent already used for MGM Transformers / VanTran under Forgent Power Solutions -- treat the operating manufacturer, not the holding platform, as the account with a real plant and staff.","https://millpoint.com/mill-point-capital-completes-recapitalization-of-voltaris/","2025-08","7ad58986-786e-45f2-a4ad-a1dd18daf329","2026-08-24T18:54:30.980438+00:00","2026-08-31T03:58:20.318+00:00"
"1e387f90-1565-4f78-a475-74f5ff9060b2","Redwood Materials","redwoodmaterials.com","Cat4","4C","P1","Aldahir","false","","tier_1","true","funding","Closed $425M Series E (Google, Nvidia backing); launched Redwood Energy division building US-made (Nevada + South Carolina) energy storage systems explicitly targeting AI data centers, repurposing used EV batteries for grid/industrial-scale storage","https://www.datacenterdynamics.com/en/news/redwood-materials-closes-425m-series-e-funding-round-with-backing-from-google/","2025-10","7ad58986-786e-45f2-a4ad-a1dd18daf329","2026-08-24T18:54:30.980438+00:00","2026-09-01T17:43:57.826+00:00"
"bfbeae4a-311a-45d3-be00-9b6900baf494","QuantumScape","quantumscape.com","Cat4","4C","P1","Aldahir","false","","tier_1","true","funding","Volkswagen's battery JV PowerCo committed up to $130.7M for QuantumScape's QSE-5 solid-state battery tech scale-up; company pivoting to AI data centers as a named growth market alongside automotive/defense/drones, with a dedicated VP & GM Data Center role on staff","https://www.foreignpolicyjournal.com/2026/06/23/quantumscape-nyse-qs-stock-surge-driven-by-ai-data-centers-not-just-electric-vehicles/","2026","7ad58986-786e-45f2-a4ad-a1dd18daf329","2026-08-24T18:54:30.980438+00:00","2026-08-31T03:58:20.319+00:00"
"c4b7c8b7-e170-4eac-8127-04c26313d280","Recurrent Energy","recurrentenergy.com","Cat4","","","Aldahir","true","Excluded at ICP -- established public-record business model, not an eyeball guess: Recurrent Energy is a utility-scale solar/storage project developer and asset operator (RWE subsidiary), not an equipment OEM. It buys/deploys equipment for its own projects; it does not manufacture equipment Prima could fabricate structural components for. Category-4 requires an OEM manufacturer, not a developer.","","false","","","","","7ad58986-786e-45f2-a4ad-a1dd18daf329","2026-08-24T18:54:30.980438+00:00","2026-08-31T03:58:20.319+00:00"
"a8f1ee9e-bd5f-441f-b8f8-a168b0199b1c","Pattern Energy","patternenergy.com","Cat4","","","Aldahir","true","Excluded at ICP -- same failure mode: Pattern Energy is an independent power producer/developer (wind, solar, storage, transmission projects), not an equipment manufacturer. Fails Category-4's OEM requirement.","","false","","","","","7ad58986-786e-45f2-a4ad-a1dd18daf329","2026-08-24T18:54:30.980438+00:00","2026-08-31T03:58:20.319+00:00"
"d72e91f8-68fe-4752-a366-f87a04d9d5bd","REC Solar","recsolar.com","Cat4","","","Aldahir","true","Excluded at ICP -- REC Solar (a Sunrun/Renu Energy Solutions commercial arm) is a solar installer/EPC contractor, not an equipment OEM, and its focus is solar installation rather than storage equipment manufacturing. Fails Category-4's OEM requirement and is the wrong product line.","","false","","","","","7ad58986-786e-45f2-a4ad-a1dd18daf329","2026-08-24T18:54:30.980438+00:00","2026-08-31T03:58:20.319+00:00"
"495b4d62-8c9f-41b8-b993-df5d4b8df542","Stone Martin Builders","stonemartinbuilders.com","Cat4","","","Aldahir","true","Excluded at ICP -- Stone Martin Builders is a residential homebuilder. Not remotely Category-4; included here only to document that the Tier 0 firmographic pool surfaced an obvious mismatch and it was formally excluded, not silently dropped.","","false","","","","","7ad58986-786e-45f2-a4ad-a1dd18daf329","2026-08-24T18:54:30.980438+00:00","2026-08-31T03:58:20.319+00:00"
"0ae7afda-31bd-4233-bdbe-8ceee34f392f","Voltaris","voltarispower.com","Cat4","4A","P2","Aldahir","false","","","false","capacity_expansion","Mill Point Capital recapitalization (Aug 2025) formed Voltaris from Pioneer Custom Electrical Products + Jefferson Electric; strong data center traction cited, expanded manufacturing footprint with new facilities in Goodyear AZ and Mexicali, Mexico","https://millpoint.com/mill-point-capital-completes-recapitalization-of-voltaris/","2025-08","7ad58986-786e-45f2-a4ad-a1dd18daf329","2026-08-24T18:54:30.980438+00:00","2026-08-31T03:58:20.318+00:00"
"6bb2ede2-f1e9-48be-a3c3-5dd41cace072","TMC Transformers","tmctransformers.us","Cat4","4B","P1","Aldahir","false","","","true","capacity_expansion","$15.3M / 110-job expansion in Waynesboro, Burke County GA, announced by Gov. Kemp's office; first US plant opened 2023","https://gov.georgia.gov/press-releases/2024-10-24/gov-kemp-tmc-transformers-bring-110-jobs-new-manufacturing-facility-burke","2024-10","7ad58986-786e-45f2-a4ad-a1dd18daf329","2026-08-24T18:54:30.980438+00:00","2026-08-31T03:58:20.319+00:00"
"95b4d742-756b-435a-b693-c0ce57724c0e","XL Batteries","","Cat4","4C","P1","Aldahir","false","","","true","funding","Raised $7.5M to accelerate commercialization of its organic flow battery technology; partners with Prometheus Hyperscale to power data centers; states its materials, components, and systems can be sourced and manufactured in the US; first commercial pilot in Texas","https://www.energy-storage.news/xl-batteries-partners-with-prometheus-to-power-data-centres/","2025-04","7ad58986-786e-45f2-a4ad-a1dd18daf329","2026-08-24T18:54:30.980438+00:00","2026-08-31T03:58:20.319+00:00"
"597163f2-578c-4820-99a7-238adbe17b3e","Trojan Battery Company","trojanbattery.com","Cat4","","","Aldahir","true","Already effectively tracked: Stryten Energy (existing row in this tracker) announced its acquisition of C&D Trojan on 2026-07-13 -- 9 days before this run -- explicitly to expand US battery manufacturing for mobility/data-center/backup-power markets. Same underlying entity going forward, same precedent as Forgent Power Solutions=MGM Transformers and BlueOval SK=Ford Energy earlier this week. Logged here, not counted as new, so a future run's dedup catches it by name even though the acquisition postdates Stryten's own original row.","","false","","","","","7ad58986-786e-45f2-a4ad-a1dd18daf329","2026-08-24T18:54:30.980438+00:00","2026-08-31T03:58:20.319+00:00"
"8c5866f2-8e36-42be-8d14-c1775fae95ea","CoreWeave","","Cat1","N/A-Cat1","","","false","","","false","","","","","5bb4cb38-b996-4d06-a0ba-ccba13aa7762","2026-08-24T18:54:30.980438+00:00","2026-08-31T03:58:20.319+00:00"
"84456b68-3729-45db-a989-709a05d986c9","Fluidstack","","Cat1","N/A-Cat1","","","false","","","false","","","","","5bb4cb38-b996-4d06-a0ba-ccba13aa7762","2026-08-24T18:54:30.980438+00:00","2026-08-31T03:58:20.319+00:00"
"79918b30-adee-48fd-90fd-091ed80c7959","Lambda Labs","lambda.ai","Cat1","N/A-Cat1","P1","","false","","","false","funding","Lambda closed $1B senior secured credit facility (J.P. Morgan-led syndicate) to fund gigawatt-scale AI infrastructure expansion","https://lambda.ai/blog/lambda-closes-1-billion-senior-secured-credit-facility","2026-05-07","5bb4cb38-b996-4d06-a0ba-ccba13aa7762","2026-08-24T18:54:30.980438+00:00","2026-08-31T03:58:20.319+00:00"
"e771d137-6598-4c63-883a-6f4eeb7f6a7e","Applied Digital","applieddigital.com","Cat1","N/A-Cat1","P1","","false","","","false","capacity_expansion","Signed 210MW, 15-yr lease at Delta Forge 2 (5th AI Factory campus), ~$5.2B contracted revenue","https://ir.applieddigital.com/news-events/press-releases/detail/154/applied-digital-signs-210-mw-lease-at-delta-forge-2","2026-06-08","5bb4cb38-b996-4d06-a0ba-ccba13aa7762","2026-08-24T18:54:30.980438+00:00","2026-08-31T03:58:20.319+00:00"
"d2ff0342-e867-4fe1-9eda-ccc55620debf","MARA Holdings","mara.com","Cat2","N/A-Cat2","P1","","false","","","false","capacity_expansion","Agreed to acquire Long Ridge Energy & Power for $1.5B (505MW gas plant, 1,600 acres, >1GW potential capacity) to fuel AI/HPC expansion","https://www.coindesk.com/business/2026/04/30/mara-holdings-to-buy-long-ridge-energy-in-usd1-5-billion-ai-data-center-push","2026-04-30","5bb4cb38-b996-4d06-a0ba-ccba13aa7762","2026-08-24T18:54:30.980438+00:00","2026-08-31T03:58:20.319+00:00"
"b91acab2-cd15-4e55-85db-23104e6d0a17","Core Scientific","corescientific.com","Cat2","N/A-Cat2","P1","","false","","","false","capacity_expansion","AMD secured 529MW under 15-yr leases worth >$14B; total leased portfolio to reach ~1.1GW (~$24B contracted revenue across active deals)","https://www.techtimes.com/articles/321817/20260728/amd-secures-ai-data-center-capacity-core-scientific-14b-power-play.htm","2026-07-28","5bb4cb38-b996-4d06-a0ba-ccba13aa7762","2026-08-24T18:54:30.980438+00:00","2026-08-31T03:58:20.319+00:00"
"51e1d97d-be51-4e8c-aca7-a625aff99140","CleanSpark","cleanspark.com","Cat2","N/A-Cat2","P1","","false","","","false","capacity_expansion","Signed 20-yr, 175MW infrastructure lease at Sandersville, GA campus with confidential high-investment-grade tenant (~$6.6B contracted revenue, up to $11.6B w/ extensions)","https://www.tipranks.com/news/company-announcements/cleanspark-secures-transformational-long-term-data-center-lease","2026-07-14","f4196408-359e-4dac-9710-c9a901b64c89","2026-08-24T18:54:30.980438+00:00","2026-08-31T03:58:20.319+00:00"
"d47dade0-01f1-47fe-96c5-4c92a6295cd1","Hut 8","hut8.com","Cat2","N/A-Cat2","P1","","false","","","false","capacity_expansion","Signed 15-yr, 352MW AI data center lease at Beacon Point, TX (~$9.8B, up to $25.1B w/ options), doubling anchor tenant capacity to 704MW","https://whbl.com/2026/07/20/hut-8-signs-9-8-billion-ai-data-center-lease-fully-commercializes-texas-campus/","2026-07-20","5bb4cb38-b996-4d06-a0ba-ccba13aa7762","2026-08-24T18:54:30.980438+00:00","2026-08-31T03:58:20.319+00:00"
"36377f5d-a504-4258-96b1-43ea81d8cbc2","Cipher Mining","ciphermining.com","Cat2","N/A-Cat2","P1","","false","","","false","capacity_expansion","Q1 2026 update: signed 3rd data center campus lease with investment-grade hyperscale tenant; ~$11.4B contracted revenue, targeting 4.2GW portfolio by 2030; new $200M credit facility","https://www.investing.com/news/company-news/cipher-mining-q1-2026-slides-114b-contracted-revenue-hpc-shift-93CH-4659528","2026-05-05","5bb4cb38-b996-4d06-a0ba-ccba13aa7762","2026-08-24T18:54:30.980438+00:00","2026-08-31T03:58:20.319+00:00"
"96dbfe39-1a80-4e3c-8c29-80eeaaa283ca","Bit Digital","bit-digital.com","Cat2","N/A-Cat2","P1","","false","","","false","funding","Bit Digital Capital originated up to $100M (expandable to $150M) delayed-draw loan facility for WhiteFiber's NC-1 HPC data center buildout in Madison, NC","https://www.tipranks.com/news/company-announcements/bit-digital-secures-major-loan-for-hpc-data-center","2026-05-20","5bb4cb38-b996-4d06-a0ba-ccba13aa7762","2026-08-24T18:54:30.980438+00:00","2026-08-31T03:58:20.319+00:00"
"c84633c1-4c04-4064-ae44-02ffdfad962f","IREN","iren.com","Cat2","N/A-Cat2","P1","","false","","","false","capacity_expansion","Announced strategic partnership with NVIDIA to deploy up to 5GW of AI infrastructure; NVIDIA gets right to invest up to $2.1B in IREN shares","https://www.globenewswire.com/news-release/2026/05/07/3290674/0/en/NVIDIA-and-IREN-Announce-Strategic-Partnership-to-Accelerate-Deployment-of-up-to-5-Gigawatts-of-AI-Infrastructure.html","2026-05-07","f4196408-359e-4dac-9710-c9a901b64c89","2026-08-24T18:54:30.980438+00:00","2026-08-31T03:58:20.319+00:00"
"3597f018-e174-4064-bcd5-35de8772c6e7","Lancium","lancium.com","Cat1","N/A-Cat1","P1","","false","","","false","funding","Nvidia committed up to $3B to Lancium (initial $2B for ~20% equity stake, conditional $1B tied to grid-connection milestones) as Lancium builds gigawatt AI power campuses in Texas -- 1.2 GW Abilene campus (ERCOT-approved interconnection) plus a new 1.0 GW Childress campus announced July 2026","https://carboncredits.com/nvidia-3-billion-lancium-ai-power-infrastructure/","2026-08-12","5bb4cb38-b996-4d06-a0ba-ccba13aa7762","2026-08-24T18:54:30.980438+00:00","2026-08-31T03:58:20.319+00:00"
"201a2a52-e57d-4a41-b741-b6511379018e","Bitdeer Technologies","bitdeer.com","Cat2","N/A-Cat2","P1","","false","","","false","capacity_expansion","Bitdeer confirmed 570 MW under contract with the local utility for its Clarington, Ohio data center, available by end of Q3 2026 (nearly a year earlier than prior expectations); full power + data center infrastructure completion targeted for Q2 2027","https://www.buckeyestatedispatch.com/article/865952681-bitdeer-announces-october-2025-production-and-operations-update","2025-11-10","5bb4cb38-b996-4d06-a0ba-ccba13aa7762","2026-08-24T18:54:30.980438+00:00","2026-08-31T03:58:20.319+00:00"
"575cf885-c640-426a-9ee0-0a4e89fe73ea","Voltage Park","voltagepark.com","Cat1","N/A-Cat1","P1","","false","","","false","","SIN SEÑAL — no contactar. No hay evento verificable dentro de ventana de 180 días (Lightning AI merger fue 2026-01-21, fuera de ventana; TensorDock fue 2025-03-26)","","","5bb4cb38-b996-4d06-a0ba-ccba13aa7762","2026-08-24T18:54:30.980438+00:00","2026-08-31T03:58:20.319+00:00"
"3330e3e4-90db-490c-b528-e57944a7d1bf","RunPod","runpod.io","Cat1","N/A-Cat1","P1","","false","","","false","funding","Raised $100M growth round led by Summit Partners at $1B valuation","https://www.prnewswire.com/news-releases/runpod-raises-100m-led-by-summit-partners-to-accelerate-the-ai-developer-cloud-302808689.html","2026-06-24","5bb4cb38-b996-4d06-a0ba-ccba13aa7762","2026-08-24T18:54:30.980438+00:00","2026-08-31T03:58:20.319+00:00"
"d012aa9d-4236-4dcf-b2e7-f576975df999","Together AI","together.ai","Cat1","N/A-Cat1","P1","","false","","","false","funding","Raised $800M Series C at $8.3B valuation; secured 500MW+ compute capacity commitments to scale AI factory footprint","https://www.businesswire.com/news/home/20260701243402/en/Together-AI-Raises-$800-Million-at-$8.3-Billion-Valuation-to-Make-Frontier-AI-Accessible-to-All","2026-07-01","5bb4cb38-b996-4d06-a0ba-ccba13aa7762","2026-08-24T18:54:30.980438+00:00","2026-08-31T03:58:20.319+00:00"
"8fdd9695-53f8-4d8a-a827-5ec24146a1a1","TensorWave","tensorwave.com","Cat1","N/A-Cat1","P1","","false","","","false","funding","Raised $350M Series B at $1.55B valuation to expand AMD-powered AI infrastructure footprint; 3 new data centers planned over next 6-8 months","https://www.businesswire.com/news/home/20260610650010/en/TensorWave-Raises-$350-Million-Series-B-at-$1.55B-Valuation-to-Expand-Global-AMD-Powered-AI-Infrastructure","2026-06-10","5bb4cb38-b996-4d06-a0ba-ccba13aa7762","2026-08-24T18:54:30.980438+00:00","2026-08-31T03:58:20.319+00:00"
"3acac300-716f-4658-b40e-aad566dfb2c2","Riot Platforms","riotplatforms.com","Cat2","N/A-Cat2","P1","","false","","","false","capacity_expansion","Signed 20-yr, 191MW AI infrastructure lease with Anthropic at Rockdale, TX campus (~$9.1B deal value)","https://www.cnbc.com/2026/08/11/riot-platforms-signs-anthropic-deal-as-miners-shift-to-ai-infrastructure-.html","2026-08-11","5bb4cb38-b996-4d06-a0ba-ccba13aa7762","2026-08-24T18:54:30.980438+00:00","2026-08-31T03:58:20.319+00:00"
"6f39b80e-e8d3-428b-8f17-50ef46318e32","TeraWulf","terawulf.com","Cat2","N/A-Cat2","P1","","false","","","false","capacity_expansion","Executed 20-yr, 401MW lease with Anthropic at Justified Data campus (Hawesville, KY), ~$19B contracted revenue","https://www.coindesk.com/markets/2026/07/06/bitcoin-miner-terawulf-soars-on-a-usd19-billion-ai-data-center-lease-with-anthropic","2026-07-06","f4196408-359e-4dac-9710-c9a901b64c89","2026-08-24T18:54:30.980438+00:00","2026-08-31T03:58:20.319+00:00"
"5bd7e893-7bb3-4429-aaa9-817b5371542f","Soluna","solunacomputing.com","Cat2","N/A-Cat2","P1","","false","","","false","capacity_expansion","Announced two new Texas data center projects (Project Fei 100MW + Project Gladys 150MW), combined 350MW, bringing total capacity to ~1GW","https://www.datacenterdynamics.com/en/news/soluna-to-develop-two-new-data-centers-in-texas-with-a-combined-capacity-of-350mw/","2026-03-31","5bb4cb38-b996-4d06-a0ba-ccba13aa7762","2026-08-24T18:54:30.980438+00:00","2026-08-31T03:58:20.319+00:00"
"574a4dc6-7ff2-45a0-bc78-b83dd6e025f8","Nscale","nscale.com","Cat1","N/A-Cat1","P2","","false","","","false","capacity_expansion","Nscale confirmed ~104,000 Nvidia GB300 GPUs in a ~240MW hyperscale AI campus in Texas (leased from Ionic Digital in Barstow), phased delivery to Microsoft starting Q3 2026, with Microsoft holding an option on a second 700MW phase from late 2027","https://www.nscale.com/press-releases/nscale-microsoft-2025","2025-10-15","f4196408-359e-4dac-9710-c9a901b64c89","2026-08-24T18:54:30.980438+00:00","2026-08-31T03:58:20.319+00:00"
"8556d3aa-d277-44be-b558-0bf07bcebe15","xAI","x.ai","Cat1","N/A-Cat1","P2","","false","","","false","capacity_expansion","Mississippi Governor Tate Reeves announced xAI's $20B+ investment in Southaven, MS (MACROHARDRR data center) expanding Colossus computing capacity to nearly 2 GW; operations expected to begin February 2026","https://governorreeves.ms.gov/tech-leader-xai-investing-more-than-20-billion-in-southaven/","2026-01-08","5bb4cb38-b996-4d06-a0ba-ccba13aa7762","2026-08-24T18:54:30.980438+00:00","2026-08-31T03:58:20.319+00:00"
